file,lineCount,role,symbol,kind,line,shouldHaveJSDoc,reason
src/components/runocr/RunOcrWorkspace.tsx,1496,RunOCR 탭 최상위 workspace,OcrCanvasPane,const/helper,31,False,이름과 주변 코드로 의미가 충분하거나 단순 derived/effect 후보라 과주석 위험이 있다.
src/components/runocr/RunOcrWorkspace.tsx,1496,RunOCR 탭 최상위 workspace,LOCAL_TEMPLATES_KEY,const/helper,48,False,이름과 주변 코드로 의미가 충분하거나 단순 derived/effect 후보라 과주석 위험이 있다.
src/components/runocr/RunOcrWorkspace.tsx,1496,RunOCR 탭 최상위 workspace,OCR_REGION_ID_PREFIX,const/helper,58,False,이름과 주변 코드로 의미가 충분하거나 단순 derived/effect 후보라 과주석 위험이 있다.
src/components/runocr/RunOcrWorkspace.tsx,1496,RunOCR 탭 최상위 workspace,ocrRegionIdForField,function,60,False,이름과 주변 코드로 의미가 충분하거나 단순 derived/effect 후보라 과주석 위험이 있다.
src/components/runocr/RunOcrWorkspace.tsx,1496,RunOCR 탭 최상위 workspace,fieldIndexFromOcrRegionId,function,64,False,이름과 주변 코드로 의미가 충분하거나 단순 derived/effect 후보라 과주석 위험이 있다.
src/components/runocr/RunOcrWorkspace.tsx,1496,RunOCR 탭 최상위 workspace,index,const/helper,66,False,이름과 주변 코드로 의미가 충분하거나 단순 derived/effect 후보라 과주석 위험이 있다.
src/components/runocr/RunOcrWorkspace.tsx,1496,RunOCR 탭 최상위 workspace,unionSourceBoxes,function,70,True,여러 OCR source box를 하나의 overlay box로 합치는 좌표 helper다.
src/components/runocr/RunOcrWorkspace.tsx,1496,RunOCR 탭 최상위 workspace,left,const/helper,72,False,이름과 주변 코드로 의미가 충분하거나 단순 derived/effect 후보라 과주석 위험이 있다.
src/components/runocr/RunOcrWorkspace.tsx,1496,RunOCR 탭 최상위 workspace,top,const/helper,73,False,이름과 주변 코드로 의미가 충분하거나 단순 derived/effect 후보라 과주석 위험이 있다.
src/components/runocr/RunOcrWorkspace.tsx,1496,RunOCR 탭 최상위 workspace,right,const/helper,74,False,이름과 주변 코드로 의미가 충분하거나 단순 derived/effect 후보라 과주석 위험이 있다.
src/components/runocr/RunOcrWorkspace.tsx,1496,RunOCR 탭 최상위 workspace,bottom,const/helper,75,False,이름과 주변 코드로 의미가 충분하거나 단순 derived/effect 후보라 과주석 위험이 있다.
src/components/runocr/RunOcrWorkspace.tsx,1496,RunOCR 탭 최상위 workspace,MODEL_OPTIONS,const/helper,84,False,이름과 주변 코드로 의미가 충분하거나 단순 derived/effect 후보라 과주석 위험이 있다.
src/components/runocr/RunOcrWorkspace.tsx,1496,RunOCR 탭 최상위 workspace,isTiff,function,91,False,이름과 주변 코드로 의미가 충분하거나 단순 derived/effect 후보라 과주석 위험이 있다.
src/components/runocr/RunOcrWorkspace.tsx,1496,RunOCR 탭 최상위 workspace,RunOcrWorkspace,component,114,True,RunOCR 화면 전체 흐름의 owner를 설명한다.
src/components/runocr/RunOcrWorkspace.tsx,1496,RunOCR 탭 최상위 workspace,router,const/helper,115,False,이름과 주변 코드로 의미가 충분하거나 단순 derived/effect 후보라 과주석 위험이 있다.
src/components/runocr/RunOcrWorkspace.tsx,1496,RunOCR 탭 최상위 workspace,ui,const/helper,116,False,이름과 주변 코드로 의미가 충분하거나 단순 derived/effect 후보라 과주석 위험이 있다.
src/components/runocr/RunOcrWorkspace.tsx,1496,RunOCR 탭 최상위 workspace,fileInputRef,const/helper,117,False,이름과 주변 코드로 의미가 충분하거나 단순 derived/effect 후보라 과주석 위험이 있다.
src/components/runocr/RunOcrWorkspace.tsx,1496,RunOCR 탭 최상위 workspace,uploadStartRef,const/helper,118,False,이름과 주변 코드로 의미가 충분하거나 단순 derived/effect 후보라 과주석 위험이 있다.
src/components/runocr/RunOcrWorkspace.tsx,1496,RunOCR 탭 최상위 workspace,isRunOcr,const/helper,125,False,이름과 주변 코드로 의미가 충분하거나 단순 derived/effect 후보라 과주석 위험이 있다.
src/components/runocr/RunOcrWorkspace.tsx,1496,RunOCR 탭 최상위 workspace,canvasImgRef,const/helper,143,False,이름과 주변 코드로 의미가 충분하거나 단순 derived/effect 후보라 과주석 위험이 있다.
src/components/runocr/RunOcrWorkspace.tsx,1496,RunOCR 탭 최상위 workspace,loadLocalTemplates,function,161,False,이름과 주변 코드로 의미가 충분하거나 단순 derived/effect 후보라 과주석 위험이 있다.
src/components/runocr/RunOcrWorkspace.tsx,1496,RunOCR 탭 최상위 workspace,list,const/helper,163,False,이름과 주변 코드로 의미가 충분하거나 단순 derived/effect 후보라 과주석 위험이 있다.
src/components/runocr/RunOcrWorkspace.tsx,1496,RunOCR 탭 최상위 workspace,imgMeta,const/helper,167,False,이름과 주변 코드로 의미가 충분하거나 단순 derived/effect 후보라 과주석 위험이 있다.
src/components/runocr/RunOcrWorkspace.tsx,1496,RunOCR 탭 최상위 workspace,imgW,const/helper,168,False,이름과 주변 코드로 의미가 충분하거나 단순 derived/effect 후보라 과주석 위험이 있다.
src/components/runocr/RunOcrWorkspace.tsx,1496,RunOCR 탭 최상위 workspace,imgH,const/helper,169,False,이름과 주변 코드로 의미가 충분하거나 단순 derived/effect 후보라 과주석 위험이 있다.
src/components/runocr/RunOcrWorkspace.tsx,1496,RunOCR 탭 최상위 workspace,inlineSrc,const/helper,171,False,이름과 주변 코드로 의미가 충분하거나 단순 derived/effect 후보라 과주석 위험이 있다.
src/components/runocr/RunOcrWorkspace.tsx,1496,RunOCR 탭 최상위 workspace,mergeTemplates,function,191,False,이름과 주변 코드로 의미가 충분하거나 단순 derived/effect 후보라 과주석 위험이 있다.
src/components/runocr/RunOcrWorkspace.tsx,1496,RunOCR 탭 최상위 workspace,seen,const/helper,192,False,이름과 주변 코드로 의미가 충분하거나 단순 derived/effect 후보라 과주석 위험이 있다.
src/components/runocr/RunOcrWorkspace.tsx,1496,RunOCR 탭 최상위 workspace,key,const/helper,194,False,이름과 주변 코드로 의미가 충분하거나 단순 derived/effect 후보라 과주석 위험이 있다.
src/components/runocr/RunOcrWorkspace.tsx,1496,RunOCR 탭 최상위 workspace,useEffect,effect,202,False,이름과 주변 코드로 의미가 충분하거나 단순 derived/effect 후보라 과주석 위험이 있다.
src/components/runocr/RunOcrWorkspace.tsx,1496,RunOCR 탭 최상위 workspace,fieldIndex,const/helper,203,False,이름과 주변 코드로 의미가 충분하거나 단순 derived/effect 후보라 과주석 위험이 있다.
src/components/runocr/RunOcrWorkspace.tsx,1496,RunOCR 탭 최상위 workspace,useEffect,effect,207,False,이름과 주변 코드로 의미가 충분하거나 단순 derived/effect 후보라 과주석 위험이 있다.
src/components/runocr/RunOcrWorkspace.tsx,1496,RunOCR 탭 최상위 workspace,regionId,const/helper,212,False,이름과 주변 코드로 의미가 충분하거나 단순 derived/effect 후보라 과주석 위험이 있다.
src/components/runocr/RunOcrWorkspace.tsx,1496,RunOCR 탭 최상위 workspace,region,const/helper,213,False,이름과 주변 코드로 의미가 충분하거나 단순 derived/effect 후보라 과주석 위험이 있다.
src/components/runocr/RunOcrWorkspace.tsx,1496,RunOCR 탭 최상위 workspace,src,const/helper,227,False,이름과 주변 코드로 의미가 충분하거나 단순 derived/effect 후보라 과주석 위험이 있다.
src/components/runocr/RunOcrWorkspace.tsx,1496,RunOCR 탭 최상위 workspace,useEffect,effect,232,False,이름과 주변 코드로 의미가 충분하거나 단순 derived/effect 후보라 과주석 위험이 있다.
src/components/runocr/RunOcrWorkspace.tsx,1496,RunOCR 탭 최상위 workspace,localTemplates,const/helper,234,False,이름과 주변 코드로 의미가 충분하거나 단순 derived/effect 후보라 과주석 위험이 있다.
src/components/runocr/RunOcrWorkspace.tsx,1496,RunOCR 탭 최상위 workspace,hydrated,const/helper,237,False,이름과 주변 코드로 의미가 충분하거나 단순 derived/effect 후보라 과주석 위험이 있다.
src/components/runocr/RunOcrWorkspace.tsx,1496,RunOCR 탭 최상위 workspace,res,const/helper,242,False,이름과 주변 코드로 의미가 충분하거나 단순 derived/effect 후보라 과주석 위험이 있다.
src/components/runocr/RunOcrWorkspace.tsx,1496,RunOCR 탭 최상위 workspace,json,const/helper,243,False,이름과 주변 코드로 의미가 충분하거나 단순 derived/effect 후보라 과주석 위험이 있다.
src/components/runocr/RunOcrWorkspace.tsx,1496,RunOCR 탭 최상위 workspace,list,const/helper,244,False,이름과 주변 코드로 의미가 충분하거나 단순 derived/effect 후보라 과주석 위험이 있다.
src/components/runocr/RunOcrWorkspace.tsx,1496,RunOCR 탭 최상위 workspace,mapped,const/helper,245,False,이름과 주변 코드로 의미가 충분하거나 단순 derived/effect 후보라 과주석 위험이 있다.
src/components/runocr/RunOcrWorkspace.tsx,1496,RunOCR 탭 최상위 workspace,imgMeta,const/helper,246,False,이름과 주변 코드로 의미가 충분하거나 단순 derived/effect 후보라 과주석 위험이 있다.
src/components/runocr/RunOcrWorkspace.tsx,1496,RunOCR 탭 최상위 workspace,imgW,const/helper,247,False,이름과 주변 코드로 의미가 충분하거나 단순 derived/effect 후보라 과주석 위험이 있다.
src/components/runocr/RunOcrWorkspace.tsx,1496,RunOCR 탭 최상위 workspace,imgH,const/helper,248,False,이름과 주변 코드로 의미가 충분하거나 단순 derived/effect 후보라 과주석 위험이 있다.
src/components/runocr/RunOcrWorkspace.tsx,1496,RunOCR 탭 최상위 workspace,inlineSrc,const/helper,249,False,이름과 주변 코드로 의미가 충분하거나 단순 derived/effect 후보라 과주석 위험이 있다.
src/components/runocr/RunOcrWorkspace.tsx,1496,RunOCR 탭 최상위 workspace,merged,const/helper,261,False,이름과 주변 코드로 의미가 충분하거나 단순 derived/effect 후보라 과주석 위험이 있다.
src/components/runocr/RunOcrWorkspace.tsx,1496,RunOCR 탭 최상위 workspace,hydrated,const/helper,263,False,이름과 주변 코드로 의미가 충분하거나 단순 derived/effect 후보라 과주석 위험이 있다.
src/components/runocr/RunOcrWorkspace.tsx,1496,RunOCR 탭 최상위 workspace,hydrated,const/helper,268,False,이름과 주변 코드로 의미가 충분하거나 단순 derived/effect 후보라 과주석 위험이 있다.
src/components/runocr/RunOcrWorkspace.tsx,1496,RunOCR 탭 최상위 workspace,hintSections,memo,275,False,이름과 주변 코드로 의미가 충분하거나 단순 derived/effect 후보라 과주석 위험이 있다.
src/components/runocr/RunOcrWorkspace.tsx,1496,RunOCR 탭 최상위 workspace,useEffect,effect,304,False,이름과 주변 코드로 의미가 충분하거나 단순 derived/effect 후보라 과주석 위험이 있다.
src/components/runocr/RunOcrWorkspace.tsx,1496,RunOCR 탭 최상위 workspace,isNativeImage,const/helper,313,False,이름과 주변 코드로 의미가 충분하거나 단순 derived/effect 후보라 과주석 위험이 있다.
src/components/runocr/RunOcrWorkspace.tsx,1496,RunOCR 탭 최상위 workspace,isPdf,type,315,False,이름과 주변 코드로 의미가 충분하거나 단순 derived/effect 후보라 과주석 위험이 있다.
src/components/runocr/RunOcrWorkspace.tsx,1496,RunOCR 탭 최상위 workspace,isTiffFile,const/helper,316,False,이름과 주변 코드로 의미가 충분하거나 단순 derived/effect 후보라 과주석 위험이 있다.
src/components/runocr/RunOcrWorkspace.tsx,1496,RunOCR 탭 최상위 workspace,elapsed,const/helper,318,False,이름과 주변 코드로 의미가 충분하거나 단순 derived/effect 후보라 과주석 위험이 있다.
src/components/runocr/RunOcrWorkspace.tsx,1496,RunOCR 탭 최상위 workspace,url,const/helper,327,False,이름과 주변 코드로 의미가 충분하거나 단순 derived/effect 후보라 과주석 위험이 있다.
src/components/runocr/RunOcrWorkspace.tsx,1496,RunOCR 탭 최상위 workspace,pdfjs,const/helper,336,False,이름과 주변 코드로 의미가 충분하거나 단순 derived/effect 후보라 과주석 위험이 있다.
src/components/runocr/RunOcrWorkspace.tsx,1496,RunOCR 탭 최상위 workspace,pdf,const/helper,338,False,이름과 주변 코드로 의미가 충분하거나 단순 derived/effect 후보라 과주석 위험이 있다.
src/components/runocr/RunOcrWorkspace.tsx,1496,RunOCR 탭 최상위 workspace,page,const/helper,339,False,이름과 주변 코드로 의미가 충분하거나 단순 derived/effect 후보라 과주석 위험이 있다.
src/components/runocr/RunOcrWorkspace.tsx,1496,RunOCR 탭 최상위 workspace,viewport,const/helper,342,False,이름과 주변 코드로 의미가 충분하거나 단순 derived/effect 후보라 과주석 위험이 있다.
src/components/runocr/RunOcrWorkspace.tsx,1496,RunOCR 탭 최상위 workspace,canvas,const/helper,343,False,이름과 주변 코드로 의미가 충분하거나 단순 derived/effect 후보라 과주석 위험이 있다.
src/components/runocr/RunOcrWorkspace.tsx,1496,RunOCR 탭 최상위 workspace,ctx,const/helper,346,False,이름과 주변 코드로 의미가 충분하거나 단순 derived/effect 후보라 과주석 위험이 있다.
src/components/runocr/RunOcrWorkspace.tsx,1496,RunOCR 탭 최상위 workspace,utifModule,const/helper,358,False,이름과 주변 코드로 의미가 충분하거나 단순 derived/effect 후보라 과주석 위험이 있다.
src/components/runocr/RunOcrWorkspace.tsx,1496,RunOCR 탭 최상위 workspace,utif,const/helper,359,False,이름과 주변 코드로 의미가 충분하거나 단순 derived/effect 후보라 과주석 위험이 있다.
src/components/runocr/RunOcrWorkspace.tsx,1496,RunOCR 탭 최상위 workspace,arrayBuffer,const/helper,360,False,이름과 주변 코드로 의미가 충분하거나 단순 derived/effect 후보라 과주석 위험이 있다.
src/components/runocr/RunOcrWorkspace.tsx,1496,RunOCR 탭 최상위 workspace,ifds,const/helper,361,False,이름과 주변 코드로 의미가 충분하거나 단순 derived/effect 후보라 과주석 위험이 있다.
src/components/runocr/RunOcrWorkspace.tsx,1496,RunOCR 탭 최상위 workspace,first,const/helper,363,False,이름과 주변 코드로 의미가 충분하거나 단순 derived/effect 후보라 과주석 위험이 있다.
src/components/runocr/RunOcrWorkspace.tsx,1496,RunOCR 탭 최상위 workspace,rgba,const/helper,364,False,이름과 주변 코드로 의미가 충분하거나 단순 derived/effect 후보라 과주석 위험이 있다.
src/components/runocr/RunOcrWorkspace.tsx,1496,RunOCR 탭 최상위 workspace,canvas,const/helper,365,False,이름과 주변 코드로 의미가 충분하거나 단순 derived/effect 후보라 과주석 위험이 있다.
src/components/runocr/RunOcrWorkspace.tsx,1496,RunOCR 탭 최상위 workspace,ctx,const/helper,368,False,이름과 주변 코드로 의미가 충분하거나 단순 derived/effect 후보라 과주석 위험이 있다.
src/components/runocr/RunOcrWorkspace.tsx,1496,RunOCR 탭 최상위 workspace,imageData,const/helper,369,False,이름과 주변 코드로 의미가 충분하거나 단순 derived/effect 후보라 과주석 위험이 있다.
src/components/runocr/RunOcrWorkspace.tsx,1496,RunOCR 탭 최상위 workspace,openFilePicker,function,385,False,이름과 주변 코드로 의미가 충분하거나 단순 derived/effect 후보라 과주석 위험이 있다.
src/components/runocr/RunOcrWorkspace.tsx,1496,RunOCR 탭 최상위 workspace,formData,const/helper,391,False,이름과 주변 코드로 의미가 충분하거나 단순 derived/effect 후보라 과주석 위험이 있다.
src/components/runocr/RunOcrWorkspace.tsx,1496,RunOCR 탭 최상위 workspace,res,const/helper,393,False,이름과 주변 코드로 의미가 충분하거나 단순 derived/effect 후보라 과주석 위험이 있다.
src/components/runocr/RunOcrWorkspace.tsx,1496,RunOCR 탭 최상위 workspace,json,const/helper,395,False,이름과 주변 코드로 의미가 충분하거나 단순 derived/effect 후보라 과주석 위험이 있다.
src/components/runocr/RunOcrWorkspace.tsx,1496,RunOCR 탭 최상위 workspace,formData,const/helper,405,False,이름과 주변 코드로 의미가 충분하거나 단순 derived/effect 후보라 과주석 위험이 있다.
src/components/runocr/RunOcrWorkspace.tsx,1496,RunOCR 탭 최상위 workspace,res,const/helper,407,False,이름과 주변 코드로 의미가 충분하거나 단순 derived/effect 후보라 과주석 위험이 있다.
src/components/runocr/RunOcrWorkspace.tsx,1496,RunOCR 탭 최상위 workspace,json,const/helper,412,False,이름과 주변 코드로 의미가 충분하거나 단순 derived/effect 후보라 과주석 위험이 있다.
src/components/runocr/RunOcrWorkspace.tsx,1496,RunOCR 탭 최상위 workspace,pickFile,function,422,False,이름과 주변 코드로 의미가 충분하거나 단순 derived/effect 후보라 과주석 위험이 있다.
src/components/runocr/RunOcrWorkspace.tsx,1496,RunOCR 탭 최상위 workspace,formatFileType,function,434,False,이름과 주변 코드로 의미가 충분하거나 단순 derived/effect 후보라 과주석 위험이 있다.
src/components/runocr/RunOcrWorkspace.tsx,1496,RunOCR 탭 최상위 workspace,hasValidBbox,function,442,False,이름과 주변 코드로 의미가 충분하거나 단순 derived/effect 후보라 과주석 위험이 있다.
src/components/runocr/RunOcrWorkspace.tsx,1496,RunOCR 탭 최상위 workspace,normalizeBbox,function,449,False,이름과 주변 코드로 의미가 충분하거나 단순 derived/effect 후보라 과주석 위험이 있다.
src/components/runocr/RunOcrWorkspace.tsx,1496,RunOCR 탭 최상위 workspace,finite,const/helper,450,False,이름과 주변 코드로 의미가 충분하거나 단순 derived/effect 후보라 과주석 위험이 있다.
src/components/runocr/RunOcrWorkspace.tsx,1496,RunOCR 탭 최상위 workspace,points,const/helper,458,False,이름과 주변 코드로 의미가 충분하거나 단순 derived/effect 후보라 과주석 위험이 있다.
src/components/runocr/RunOcrWorkspace.tsx,1496,RunOCR 탭 최상위 workspace,xs,const/helper,459,False,이름과 주변 코드로 의미가 충분하거나 단순 derived/effect 후보라 과주석 위험이 있다.
src/components/runocr/RunOcrWorkspace.tsx,1496,RunOCR 탭 최상위 workspace,ys,const/helper,460,False,이름과 주변 코드로 의미가 충분하거나 단순 derived/effect 후보라 과주석 위험이 있다.
src/components/runocr/RunOcrWorkspace.tsx,1496,RunOCR 탭 최상위 workspace,x,const/helper,461,False,이름과 주변 코드로 의미가 충분하거나 단순 derived/effect 후보라 과주석 위험이 있다.
src/components/runocr/RunOcrWorkspace.tsx,1496,RunOCR 탭 최상위 workspace,y,const/helper,462,False,이름과 주변 코드로 의미가 충분하거나 단순 derived/effect 후보라 과주석 위험이 있다.
src/components/runocr/RunOcrWorkspace.tsx,1496,RunOCR 탭 최상위 workspace,width,const/helper,463,False,이름과 주변 코드로 의미가 충분하거나 단순 derived/effect 후보라 과주석 위험이 있다.
src/components/runocr/RunOcrWorkspace.tsx,1496,RunOCR 탭 최상위 workspace,height,const/helper,464,False,이름과 주변 코드로 의미가 충분하거나 단순 derived/effect 후보라 과주석 위험이 있다.
src/components/runocr/RunOcrWorkspace.tsx,1496,RunOCR 탭 최상위 workspace,box,const/helper,470,False,이름과 주변 코드로 의미가 충분하거나 단순 derived/effect 후보라 과주석 위험이 있다.
src/components/runocr/RunOcrWorkspace.tsx,1496,RunOCR 탭 최상위 workspace,x,const/helper,471,False,이름과 주변 코드로 의미가 충분하거나 단순 derived/effect 후보라 과주석 위험이 있다.
src/components/runocr/RunOcrWorkspace.tsx,1496,RunOCR 탭 최상위 workspace,y,const/helper,472,False,이름과 주변 코드로 의미가 충분하거나 단순 derived/effect 후보라 과주석 위험이 있다.
src/components/runocr/RunOcrWorkspace.tsx,1496,RunOCR 탭 최상위 workspace,width,const/helper,473,False,이름과 주변 코드로 의미가 충분하거나 단순 derived/effect 후보라 과주석 위험이 있다.
src/components/runocr/RunOcrWorkspace.tsx,1496,RunOCR 탭 최상위 workspace,height,const/helper,474,False,이름과 주변 코드로 의미가 충분하거나 단순 derived/effect 후보라 과주석 위험이 있다.
src/components/runocr/RunOcrWorkspace.tsx,1496,RunOCR 탭 최상위 workspace,bx,const/helper,479,False,이름과 주변 코드로 의미가 충분하거나 단순 derived/effect 후보라 과주석 위험이 있다.
src/components/runocr/RunOcrWorkspace.tsx,1496,RunOCR 탭 최상위 workspace,by,const/helper,480,False,이름과 주변 코드로 의미가 충분하거나 단순 derived/effect 후보라 과주석 위험이 있다.
src/components/runocr/RunOcrWorkspace.tsx,1496,RunOCR 탭 최상위 workspace,bw,const/helper,481,False,이름과 주변 코드로 의미가 충분하거나 단순 derived/effect 후보라 과주석 위험이 있다.
src/components/runocr/RunOcrWorkspace.tsx,1496,RunOCR 탭 최상위 workspace,bh,const/helper,482,False,이름과 주변 코드로 의미가 충분하거나 단순 derived/effect 후보라 과주석 위험이 있다.
src/components/runocr/RunOcrWorkspace.tsx,1496,RunOCR 탭 최상위 workspace,normalizeTextForMatch,function,488,False,이름과 주변 코드로 의미가 충분하거나 단순 derived/effect 후보라 과주석 위험이 있다.
src/components/runocr/RunOcrWorkspace.tsx,1496,RunOCR 탭 최상위 workspace,normalizeTextWithIndexMap,function,494,False,이름과 주변 코드로 의미가 충분하거나 단순 derived/effect 후보라 과주석 위험이 있다.
src/components/runocr/RunOcrWorkspace.tsx,1496,RunOCR 탭 최상위 workspace,text,const/helper,497,False,이름과 주변 코드로 의미가 충분하거나 단순 derived/effect 후보라 과주석 위험이 있다.
src/components/runocr/RunOcrWorkspace.tsx,1496,RunOCR 탭 최상위 workspace,ch,const/helper,499,False,이름과 주변 코드로 의미가 충분하거나 단순 derived/effect 후보라 과주석 위험이 있다.
src/components/runocr/RunOcrWorkspace.tsx,1496,RunOCR 탭 최상위 workspace,digitsOnly,function,507,False,이름과 주변 코드로 의미가 충분하거나 단순 derived/effect 후보라 과주석 위험이 있다.
src/components/runocr/RunOcrWorkspace.tsx,1496,RunOCR 탭 최상위 workspace,rawTextOf,function,511,False,이름과 주변 코드로 의미가 충분하거나 단순 derived/effect 후보라 과주석 위험이 있다.
src/components/runocr/RunOcrWorkspace.tsx,1496,RunOCR 탭 최상위 workspace,matchScore,function,515,False,이름과 주변 코드로 의미가 충분하거나 단순 derived/effect 후보라 과주석 위험이 있다.
src/components/runocr/RunOcrWorkspace.tsx,1496,RunOCR 탭 최상위 workspace,fieldNorm,const/helper,516,False,이름과 주변 코드로 의미가 충분하거나 단순 derived/effect 후보라 과주석 위험이 있다.
src/components/runocr/RunOcrWorkspace.tsx,1496,RunOCR 탭 최상위 workspace,rawNorm,const/helper,517,False,이름과 주변 코드로 의미가 충분하거나 단순 derived/effect 후보라 과주석 위험이 있다.
src/components/runocr/RunOcrWorkspace.tsx,1496,RunOCR 탭 최상위 workspace,fieldDigits,const/helper,522,False,이름과 주변 코드로 의미가 충분하거나 단순 derived/effect 후보라 과주석 위험이 있다.
src/components/runocr/RunOcrWorkspace.tsx,1496,RunOCR 탭 최상위 workspace,rawDigits,const/helper,523,False,이름과 주변 코드로 의미가 충분하거나 단순 derived/effect 후보라 과주석 위험이 있다.
src/components/runocr/RunOcrWorkspace.tsx,1496,RunOCR 탭 최상위 workspace,findSegmentRange,function,532,False,이름과 주변 코드로 의미가 충분하거나 단순 derived/effect 후보라 과주석 위험이 있다.
src/components/runocr/RunOcrWorkspace.tsx,1496,RunOCR 탭 최상위 workspace,rawLine,const/helper,533,False,이름과 주변 코드로 의미가 충분하거나 단순 derived/effect 후보라 과주석 위험이 있다.
src/components/runocr/RunOcrWorkspace.tsx,1496,RunOCR 탭 최상위 workspace,rawField,const/helper,534,False,이름과 주변 코드로 의미가 충분하거나 단순 derived/effect 후보라 과주석 위험이 있다.
src/components/runocr/RunOcrWorkspace.tsx,1496,RunOCR 탭 최상위 workspace,exactIndex,const/helper,537,False,이름과 주변 코드로 의미가 충분하거나 단순 derived/effect 후보라 과주석 위험이 있다.
src/components/runocr/RunOcrWorkspace.tsx,1496,RunOCR 탭 최상위 workspace,lineNorm,const/helper,540,False,이름과 주변 코드로 의미가 충분하거나 단순 derived/effect 후보라 과주석 위험이 있다.
src/components/runocr/RunOcrWorkspace.tsx,1496,RunOCR 탭 최상위 workspace,fieldNorm,const/helper,541,False,이름과 주변 코드로 의미가 충분하거나 단순 derived/effect 후보라 과주석 위험이 있다.
src/components/runocr/RunOcrWorkspace.tsx,1496,RunOCR 탭 최상위 workspace,normIndex,const/helper,543,False,이름과 주변 코드로 의미가 충분하거나 단순 derived/effect 후보라 과주석 위험이 있다.
src/components/runocr/RunOcrWorkspace.tsx,1496,RunOCR 탭 최상위 workspace,start,const/helper,545,False,이름과 주변 코드로 의미가 충분하거나 단순 derived/effect 후보라 과주석 위험이 있다.
src/components/runocr/RunOcrWorkspace.tsx,1496,RunOCR 탭 최상위 workspace,end,const/helper,546,False,이름과 주변 코드로 의미가 충분하거나 단순 derived/effect 후보라 과주석 위험이 있다.
src/components/runocr/RunOcrWorkspace.tsx,1496,RunOCR 탭 최상위 workspace,fieldDigits,const/helper,551,False,이름과 주변 코드로 의미가 충분하거나 단순 derived/effect 후보라 과주석 위험이 있다.
src/components/runocr/RunOcrWorkspace.tsx,1496,RunOCR 탭 최상위 workspace,digitLine,const/helper,553,False,이름과 주변 코드로 의미가 충분하거나 단순 derived/effect 후보라 과주석 위험이 있다.
src/components/runocr/RunOcrWorkspace.tsx,1496,RunOCR 탭 최상위 workspace,digitIndex,const/helper,560,False,이름과 주변 코드로 의미가 충분하거나 단순 derived/effect 후보라 과주석 위험이 있다.
src/components/runocr/RunOcrWorkspace.tsx,1496,RunOCR 탭 최상위 workspace,start,const/helper,562,False,이름과 주변 코드로 의미가 충분하거나 단순 derived/effect 후보라 과주석 위험이 있다.
src/components/runocr/RunOcrWorkspace.tsx,1496,RunOCR 탭 최상위 workspace,end,const/helper,563,False,이름과 주변 코드로 의미가 충분하거나 단순 derived/effect 후보라 과주석 위험이 있다.
src/components/runocr/RunOcrWorkspace.tsx,1496,RunOCR 탭 최상위 workspace,clampBbox,function,571,False,이름과 주변 코드로 의미가 충분하거나 단순 derived/effect 후보라 과주석 위험이 있다.
src/components/runocr/RunOcrWorkspace.tsx,1496,RunOCR 탭 최상위 workspace,minWidth,const/helper,572,False,이름과 주변 코드로 의미가 충분하거나 단순 derived/effect 후보라 과주석 위험이 있다.
src/components/runocr/RunOcrWorkspace.tsx,1496,RunOCR 탭 최상위 workspace,x,const/helper,573,False,이름과 주변 코드로 의미가 충분하거나 단순 derived/effect 후보라 과주석 위험이 있다.
src/components/runocr/RunOcrWorkspace.tsx,1496,RunOCR 탭 최상위 workspace,y,const/helper,574,False,이름과 주변 코드로 의미가 충분하거나 단순 derived/effect 후보라 과주석 위험이 있다.
src/components/runocr/RunOcrWorkspace.tsx,1496,RunOCR 탭 최상위 workspace,right,const/helper,575,False,이름과 주변 코드로 의미가 충분하거나 단순 derived/effect 후보라 과주석 위험이 있다.
src/components/runocr/RunOcrWorkspace.tsx,1496,RunOCR 탭 최상위 workspace,bottom,const/helper,576,False,이름과 주변 코드로 의미가 충분하거나 단순 derived/effect 후보라 과주석 위험이 있다.
src/components/runocr/RunOcrWorkspace.tsx,1496,RunOCR 탭 최상위 workspace,width,const/helper,577,False,이름과 주변 코드로 의미가 충분하거나 단순 derived/effect 후보라 과주석 위험이 있다.
src/components/runocr/RunOcrWorkspace.tsx,1496,RunOCR 탭 최상위 workspace,height,const/helper,578,False,이름과 주변 코드로 의미가 충분하거나 단순 derived/effect 후보라 과주석 위험이 있다.
src/components/runocr/RunOcrWorkspace.tsx,1496,RunOCR 탭 최상위 workspace,estimatePartialBboxFromLine,function,582,False,이름과 주변 코드로 의미가 충분하거나 단순 derived/effect 후보라 과주석 위험이 있다.
src/components/runocr/RunOcrWorkspace.tsx,1496,RunOCR 탭 최상위 workspace,range,const/helper,583,False,이름과 주변 코드로 의미가 충분하거나 단순 derived/effect 후보라 과주석 위험이 있다.
src/components/runocr/RunOcrWorkspace.tsx,1496,RunOCR 탭 최상위 workspace,lineLength,const/helper,585,False,이름과 주변 코드로 의미가 충분하거나 단순 derived/effect 후보라 과주석 위험이 있다.
src/components/runocr/RunOcrWorkspace.tsx,1496,RunOCR 탭 최상위 workspace,startRatio,const/helper,586,False,이름과 주변 코드로 의미가 충분하거나 단순 derived/effect 후보라 과주석 위험이 있다.
src/components/runocr/RunOcrWorkspace.tsx,1496,RunOCR 탭 최상위 workspace,endRatio,const/helper,587,False,이름과 주변 코드로 의미가 충분하거나 단순 derived/effect 후보라 과주석 위험이 있다.
src/components/runocr/RunOcrWorkspace.tsx,1496,RunOCR 탭 최상위 workspace,padRatio,const/helper,588,False,이름과 주변 코드로 의미가 충분하거나 단순 derived/effect 후보라 과주석 위험이 있다.
src/components/runocr/RunOcrWorkspace.tsx,1496,RunOCR 탭 최상위 workspace,x,const/helper,589,False,이름과 주변 코드로 의미가 충분하거나 단순 derived/effect 후보라 과주석 위험이 있다.
src/components/runocr/RunOcrWorkspace.tsx,1496,RunOCR 탭 최상위 workspace,width,const/helper,590,False,이름과 주변 코드로 의미가 충분하거나 단순 derived/effect 후보라 과주석 위험이 있다.
src/components/runocr/RunOcrWorkspace.tsx,1496,RunOCR 탭 최상위 workspace,shouldAllowLineFallback,function,594,False,이름과 주변 코드로 의미가 충분하거나 단순 derived/effect 후보라 과주석 위험이 있다.
src/components/runocr/RunOcrWorkspace.tsx,1496,RunOCR 탭 최상위 workspace,lineLen,const/helper,595,False,이름과 주변 코드로 의미가 충분하거나 단순 derived/effect 후보라 과주석 위험이 있다.
src/components/runocr/RunOcrWorkspace.tsx,1496,RunOCR 탭 최상위 workspace,fieldLen,const/helper,596,False,이름과 주변 코드로 의미가 충분하거나 단순 derived/effect 후보라 과주석 위험이 있다.
src/components/runocr/RunOcrWorkspace.tsx,1496,RunOCR 탭 최상위 workspace,ratio,const/helper,598,False,이름과 주변 코드로 의미가 충분하거나 단순 derived/effect 후보라 과주석 위험이 있다.
src/components/runocr/RunOcrWorkspace.tsx,1496,RunOCR 탭 최상위 workspace,isAddressField,function,602,False,이름과 주변 코드로 의미가 충분하거나 단순 derived/effect 후보라 과주석 위험이 있다.
src/components/runocr/RunOcrWorkspace.tsx,1496,RunOCR 탭 최상위 workspace,isRepresentativeField,function,606,False,이름과 주변 코드로 의미가 충분하거나 단순 derived/effect 후보라 과주석 위험이 있다.
src/components/runocr/RunOcrWorkspace.tsx,1496,RunOCR 탭 최상위 workspace,hangulNameDistance,function,610,False,이름과 주변 코드로 의미가 충분하거나 단순 derived/effect 후보라 과주석 위험이 있다.
src/components/runocr/RunOcrWorkspace.tsx,1496,RunOCR 탭 최상위 workspace,representativeLineScore,function,619,False,이름과 주변 코드로 의미가 충분하거나 단순 derived/effect 후보라 과주석 위험이 있다.
src/components/runocr/RunOcrWorkspace.tsx,1496,RunOCR 탭 최상위 workspace,target,const/helper,620,False,이름과 주변 코드로 의미가 충분하거나 단순 derived/effect 후보라 과주석 위험이 있다.
src/components/runocr/RunOcrWorkspace.tsx,1496,RunOCR 탭 최상위 workspace,candidates,const/helper,622,False,이름과 주변 코드로 의미가 충분하거나 단순 derived/effect 후보라 과주석 위험이 있다.
src/components/runocr/RunOcrWorkspace.tsx,1496,RunOCR 탭 최상위 workspace,isBadAddressLine,function,630,False,이름과 주변 코드로 의미가 충분하거나 단순 derived/effect 후보라 과주석 위험이 있다.
src/components/runocr/RunOcrWorkspace.tsx,1496,RunOCR 탭 최상위 workspace,text,const/helper,631,False,이름과 주변 코드로 의미가 충분하거나 단순 derived/effect 후보라 과주석 위험이 있다.
src/components/runocr/RunOcrWorkspace.tsx,1496,RunOCR 탭 최상위 workspace,adoptionOfField,function,640,False,이름과 주변 코드로 의미가 충분하거나 단순 derived/effect 후보라 과주석 위험이 있다.
src/components/runocr/RunOcrWorkspace.tsx,1496,RunOCR 탭 최상위 workspace,attachSourceBboxes,function,646,False,이름과 주변 코드로 의미가 충분하거나 단순 derived/effect 후보라 과주석 위험이 있다.
src/components/runocr/RunOcrWorkspace.tsx,1496,RunOCR 탭 최상위 workspace,rawCandidates,const/helper,647,False,이름과 주변 코드로 의미가 충분하거나 단순 derived/effect 후보라 과주석 위험이 있다.
src/components/runocr/RunOcrWorkspace.tsx,1496,RunOCR 탭 최상위 workspace,flexible,const/helper,649,False,이름과 주변 코드로 의미가 충분하거나 단순 derived/effect 후보라 과주석 위험이 있다.
src/components/runocr/RunOcrWorkspace.tsx,1496,RunOCR 탭 최상위 workspace,box,const/helper,650,False,이름과 주변 코드로 의미가 충분하거나 단순 derived/effect 후보라 과주석 위험이 있다.
src/components/runocr/RunOcrWorkspace.tsx,1496,RunOCR 탭 최상위 workspace,adoption,const/helper,656,False,이름과 주변 코드로 의미가 충분하거나 단순 derived/effect 후보라 과주석 위험이 있다.
src/components/runocr/RunOcrWorkspace.tsx,1496,RunOCR 탭 최상위 workspace,lookupValue,const/helper,657,False,이름과 주변 코드로 의미가 충분하거나 단순 derived/effect 후보라 과주석 위험이 있다.
src/components/runocr/RunOcrWorkspace.tsx,1496,RunOCR 탭 최상위 workspace,boxes,const/helper,663,False,이름과 주변 코드로 의미가 충분하거나 단순 derived/effect 후보라 과주석 위험이 있다.
src/components/runocr/RunOcrWorkspace.tsx,1496,RunOCR 탭 최상위 workspace,lookupText,const/helper,666,False,이름과 주변 코드로 의미가 충분하거나 단순 derived/effect 후보라 과주석 위험이 있다.
src/components/runocr/RunOcrWorkspace.tsx,1496,RunOCR 탭 최상위 workspace,score,const/helper,667,False,이름과 주변 코드로 의미가 충분하거나 단순 derived/effect 후보라 과주석 위험이 있다.
src/components/runocr/RunOcrWorkspace.tsx,1496,RunOCR 탭 최상위 workspace,partial,const/helper,671,False,이름과 주변 코드로 의미가 충분하거나 단순 derived/effect 후보라 과주석 위험이 있다.
src/components/runocr/RunOcrWorkspace.tsx,1496,RunOCR 탭 최상위 workspace,allowFuzzyRepresentativeLine,const/helper,672,False,이름과 주변 코드로 의미가 충분하거나 단순 derived/effect 후보라 과주석 위험이 있다.
src/components/runocr/RunOcrWorkspace.tsx,1496,RunOCR 탭 최상위 workspace,box,const/helper,673,False,이름과 주변 코드로 의미가 충분하거나 단순 derived/effect 후보라 과주석 위험이 있다.
src/components/runocr/RunOcrWorkspace.tsx,1496,RunOCR 탭 최상위 workspace,first,const/helper,681,False,이름과 주변 코드로 의미가 충분하거나 단순 derived/effect 후보라 과주석 위험이 있다.
src/components/runocr/RunOcrWorkspace.tsx,1496,RunOCR 탭 최상위 workspace,buildResultRegions,function,691,False,이름과 주변 코드로 의미가 충분하거나 단순 derived/effect 후보라 과주석 위험이 있다.
src/components/runocr/RunOcrWorkspace.tsx,1496,RunOCR 탭 최상위 workspace,ocrFieldRegions,const/helper,692,False,이름과 주변 코드로 의미가 충분하거나 단순 derived/effect 후보라 과주석 위험이 있다.
src/components/runocr/RunOcrWorkspace.tsx,1496,RunOCR 탭 최상위 workspace,sourceBox,const/helper,694,False,이름과 주변 코드로 의미가 충분하거나 단순 derived/effect 후보라 과주석 위험이 있다.
src/components/runocr/RunOcrWorkspace.tsx,1496,RunOCR 탭 최상위 workspace,bboxBox,const/helper,695,False,이름과 주변 코드로 의미가 충분하거나 단순 derived/effect 후보라 과주석 위험이 있다.
src/components/runocr/RunOcrWorkspace.tsx,1496,RunOCR 탭 최상위 workspace,box,const/helper,698,False,이름과 주변 코드로 의미가 충분하거나 단순 derived/effect 후보라 과주석 위험이 있다.
src/components/runocr/RunOcrWorkspace.tsx,1496,RunOCR 탭 최상위 workspace,box,const/helper,723,False,이름과 주변 코드로 의미가 충분하거나 단순 derived/effect 후보라 과주석 위험이 있다.
src/components/runocr/RunOcrWorkspace.tsx,1496,RunOCR 탭 최상위 workspace,activeTemplate,const/helper,746,False,이름과 주변 코드로 의미가 충분하거나 단순 derived/effect 후보라 과주석 위험이 있다.
src/components/runocr/RunOcrWorkspace.tsx,1496,RunOCR 탭 최상위 workspace,useRegionTemplate,const/helper,747,False,이름과 주변 코드로 의미가 충분하거나 단순 derived/effect 후보라 과주석 위험이 있다.
src/components/runocr/RunOcrWorkspace.tsx,1496,RunOCR 탭 최상위 workspace,json,const/helper,751,False,이름과 주변 코드로 의미가 충분하거나 단순 derived/effect 후보라 과주석 위험이 있다.
src/components/runocr/RunOcrWorkspace.tsx,1496,RunOCR 탭 최상위 workspace,runResult,const/helper,761,False,이름과 주변 코드로 의미가 충분하거나 단순 derived/effect 후보라 과주석 위험이 있다.
src/components/runocr/RunOcrWorkspace.tsx,1496,RunOCR 탭 최상위 workspace,businessText,const/helper,777,False,이름과 주변 코드로 의미가 충분하거나 단순 derived/effect 후보라 과주석 위험이 있다.
src/components/runocr/RunOcrWorkspace.tsx,1496,RunOCR 탭 최상위 workspace,businessNumber,const/helper,784,False,이름과 주변 코드로 의미가 충분하거나 단순 derived/effect 후보라 과주석 위험이 있다.
src/components/runocr/RunOcrWorkspace.tsx,1496,RunOCR 탭 최상위 workspace,internalSuggestions,const/helper,796,False,이름과 주변 코드로 의미가 충분하거나 단순 derived/effect 후보라 과주석 위험이 있다.
src/components/runocr/RunOcrWorkspace.tsx,1496,RunOCR 탭 최상위 workspace,hasBusinessNumberField,const/helper,802,False,이름과 주변 코드로 의미가 충분하거나 단순 derived/effect 후보라 과주석 위험이 있다.
src/components/runocr/RunOcrWorkspace.tsx,1496,RunOCR 탭 최상위 workspace,key,const/helper,803,False,이름과 주변 코드로 의미가 충분하거나 단순 derived/effect 후보라 과주석 위험이 있다.
src/components/runocr/RunOcrWorkspace.tsx,1496,RunOCR 탭 최상위 workspace,resultFields,const/helper,821,False,이름과 주변 코드로 의미가 충분하거나 단순 derived/effect 후보라 과주석 위험이 있다.
src/components/runocr/RunOcrWorkspace.tsx,1496,RunOCR 탭 최상위 workspace,confirmedCount,const/helper,822,False,이름과 주변 코드로 의미가 충분하거나 단순 derived/effect 후보라 과주석 위험이 있다.
src/components/runocr/RunOcrWorkspace.tsx,1496,RunOCR 탭 최상위 workspace,correctedCount,const/helper,823,False,이름과 주변 코드로 의미가 충분하거나 단순 derived/effect 후보라 과주석 위험이 있다.
src/components/runocr/RunOcrWorkspace.tsx,1496,RunOCR 탭 최상위 workspace,filledCount,const/helper,824,False,이름과 주변 코드로 의미가 충분하거나 단순 derived/effect 후보라 과주석 위험이 있다.
src/components/runocr/RunOcrWorkspace.tsx,1496,RunOCR 탭 최상위 workspace,skippedCount,const/helper,825,False,이름과 주변 코드로 의미가 충분하거나 단순 derived/effect 후보라 과주석 위험이 있다.
src/components/runocr/RunOcrWorkspace.tsx,1496,RunOCR 탭 최상위 workspace,key,const/helper,826,False,이름과 주변 코드로 의미가 충분하거나 단순 derived/effect 후보라 과주석 위험이 있다.
src/components/runocr/RunOcrWorkspace.tsx,1496,RunOCR 탭 최상위 workspace,ocrRegions,const/helper,869,False,이름과 주변 코드로 의미가 충분하거나 단순 derived/effect 후보라 과주석 위험이 있다.
src/components/runocr/RunOcrWorkspace.tsx,1496,RunOCR 탭 최상위 workspace,userRegions,const/helper,871,False,이름과 주변 코드로 의미가 충분하거나 단순 derived/effect 후보라 과주석 위험이 있다.
src/components/runocr/RunOcrWorkspace.tsx,1496,RunOCR 탭 최상위 workspace,isRegionBased,const/helper,877,False,이름과 주변 코드로 의미가 충분하거나 단순 derived/effect 후보라 과주석 위험이 있다.
src/components/runocr/RunOcrWorkspace.tsx,1496,RunOCR 탭 최상위 workspace,tf,const/helper,893,False,이름과 주변 코드로 의미가 충분하거나 단순 derived/effect 후보라 과주석 위험이 있다.
src/components/runocr/RunOcrWorkspace.tsx,1496,RunOCR 탭 최상위 workspace,koFromRegion,const/helper,894,False,이름과 주변 코드로 의미가 충분하거나 단순 derived/effect 후보라 과주석 위험이 있다.
src/components/runocr/RunOcrWorkspace.tsx,1496,RunOCR 탭 최상위 workspace,tplFields,const/helper,908,False,이름과 주변 코드로 의미가 충분하거나 단순 derived/effect 후보라 과주석 위험이 있다.
src/components/runocr/RunOcrWorkspace.tsx,1496,RunOCR 탭 최상위 workspace,ocrF,const/helper,912,False,이름과 주변 코드로 의미가 충분하거나 단순 derived/effect 후보라 과주석 위험이 있다.
src/components/runocr/RunOcrWorkspace.tsx,1496,RunOCR 탭 최상위 workspace,original,const/helper,913,False,이름과 주변 코드로 의미가 충분하거나 단순 derived/effect 후보라 과주석 위험이 있다.
src/components/runocr/RunOcrWorkspace.tsx,1496,RunOCR 탭 최상위 workspace,modified,const/helper,914,False,이름과 주변 코드로 의미가 충분하거나 단순 derived/effect 후보라 과주석 위험이 있다.
src/components/runocr/RunOcrWorkspace.tsx,1496,RunOCR 탭 최상위 workspace,suggestions,const/helper,915,False,이름과 주변 코드로 의미가 충분하거나 단순 derived/effect 후보라 과주석 위험이 있다.
src/components/runocr/RunOcrWorkspace.tsx,1496,RunOCR 탭 최상위 workspace,isKorean,const/helper,936,False,이름과 주변 코드로 의미가 충분하거나 단순 derived/effect 후보라 과주석 위험이 있다.
src/components/runocr/RunOcrWorkspace.tsx,1496,RunOCR 탭 최상위 workspace,en,const/helper,937,False,이름과 주변 코드로 의미가 충분하거나 단순 derived/effect 후보라 과주석 위험이 있다.
src/components/runocr/RunOcrWorkspace.tsx,1496,RunOCR 탭 최상위 workspace,ko,const/helper,938,False,이름과 주변 코드로 의미가 충분하거나 단순 derived/effect 후보라 과주석 위험이 있다.
src/components/runocr/RunOcrWorkspace.tsx,1496,RunOCR 탭 최상위 workspace,original,const/helper,939,False,이름과 주변 코드로 의미가 충분하거나 단순 derived/effect 후보라 과주석 위험이 있다.
src/components/runocr/RunOcrWorkspace.tsx,1496,RunOCR 탭 최상위 workspace,suggestions,const/helper,940,False,이름과 주변 코드로 의미가 충분하거나 단순 derived/effect 후보라 과주석 위험이 있다.
src/components/runocr/RunOcrWorkspace.tsx,1496,RunOCR 탭 최상위 workspace,successRecord,const/helper,954,False,이름과 주변 코드로 의미가 충분하거나 단순 derived/effect 후보라 과주석 위험이 있다.
src/components/runocr/RunOcrWorkspace.tsx,1496,RunOCR 탭 최상위 workspace,rawDocFields,const/helper,971,False,이름과 주변 코드로 의미가 충분하거나 단순 derived/effect 후보라 과주석 위험이 있다.
src/components/runocr/RunOcrWorkspace.tsx,1496,RunOCR 탭 최상위 workspace,failRecord,const/helper,985,False,이름과 주변 코드로 의미가 충분하거나 단순 derived/effect 후보라 과주석 위험이 있다.
src/components/runocr/RunOcrWorkspace.tsx,1496,RunOCR 탭 최상위 workspace,useEffect,effect,1001,False,이름과 주변 코드로 의미가 충분하거나 단순 derived/effect 후보라 과주석 위험이 있다.
src/components/runocr/RunOcrWorkspace.tsx,1496,RunOCR 탭 최상위 workspace,url,const/helper,1003,False,이름과 주변 코드로 의미가 충분하거나 단순 derived/effect 후보라 과주석 위험이 있다.
src/components/runocr/RunOcrWorkspace.tsx,1496,RunOCR 탭 최상위 workspace,img,const/helper,1007,False,이름과 주변 코드로 의미가 충분하거나 단순 derived/effect 후보라 과주석 위험이 있다.
src/components/runocr/RunOcrWorkspace.tsx,1496,RunOCR 탭 최상위 workspace,needsRender,const/helper,1019,False,이름과 주변 코드로 의미가 충분하거나 단순 derived/effect 후보라 과주석 위험이 있다.
src/components/runocr/RunOcrWorkspace.tsx,1496,RunOCR 탭 최상위 workspace,displayUrl,const/helper,1023,False,이름과 주변 코드로 의미가 충분하거나 단순 derived/effect 후보라 과주석 위험이 있다.
src/components/runocr/RunOcrWorkspace.tsx,1496,RunOCR 탭 최상위 workspace,isRendering,const/helper,1024,False,이름과 주변 코드로 의미가 충분하거나 단순 derived/effect 후보라 과주석 위험이 있다.
src/components/runocr/RunOcrWorkspace.tsx,1496,RunOCR 탭 최상위 workspace,canRunOcr,const/helper,1025,False,이름과 주변 코드로 의미가 충분하거나 단순 derived/effect 후보라 과주석 위험이 있다.
src/components/runocr/RunOcrWorkspace.tsx,1496,RunOCR 탭 최상위 workspace,ocrDisplayUrl,const/helper,1028,False,이름과 주변 코드로 의미가 충분하거나 단순 derived/effect 후보라 과주석 위험이 있다.
src/components/runocr/RunOcrWorkspace.tsx,1496,RunOCR 탭 최상위 workspace,activeTemplateForPanel,const/helper,1029,False,이름과 주변 코드로 의미가 충분하거나 단순 derived/effect 후보라 과주석 위험이 있다.
src/components/runocr/RunOcrWorkspace.tsx,1496,RunOCR 탭 최상위 workspace,useEffect,effect,1031,False,이름과 주변 코드로 의미가 충분하거나 단순 derived/effect 후보라 과주석 위험이 있다.
src/components/runocr/RunOcrWorkspace.tsx,1496,RunOCR 탭 최상위 workspace,ocrRegions,const/helper,1033,False,이름과 주변 코드로 의미가 충분하거나 단순 derived/effect 후보라 과주석 위험이 있다.
src/components/runocr/RunOcrWorkspace.tsx,1496,RunOCR 탭 최상위 workspace,existingIds,const/helper,1036,False,이름과 주변 코드로 의미가 충분하거나 단순 derived/effect 후보라 과주석 위험이 있다.
src/components/runocr/RunOcrWorkspace.tsx,1496,RunOCR 탭 최상위 workspace,missing,const/helper,1037,False,이름과 주변 코드로 의미가 충분하거나 단순 derived/effect 후보라 과주석 위험이 있다.
src/components/runocr/RunOcrWorkspace.tsx,1496,RunOCR 탭 최상위 workspace,customSelectedFieldIndex,const/helper,1043,False,이름과 주변 코드로 의미가 충분하거나 단순 derived/effect 후보라 과주석 위험이 있다.
src/components/runocr/RunOcrWorkspace.tsx,1496,RunOCR 탭 최상위 workspace,customHasSelectedFieldRegion,const/helper,1045,False,이름과 주변 코드로 의미가 충분하거나 단순 derived/effect 후보라 과주석 위험이 있다.
src/components/runocr/RunOcrWorkspace.tsx,1496,RunOCR 탭 최상위 workspace,customSelectedUserRegionId,const/helper,1049,False,이름과 주변 코드로 의미가 충분하거나 단순 derived/effect 후보라 과주석 위험이 있다.
src/components/runocr/RunOcrWorkspace.tsx,1496,RunOCR 탭 최상위 workspace,customDrawTargetRegionId,const/helper,1051,False,이름과 주변 코드로 의미가 충분하거나 단순 derived/effect 후보라 과주석 위험이 있다.
src/components/runocr/RunOcrWorkspace.tsx,1496,RunOCR 탭 최상위 workspace,customDrawTargetField,const/helper,1055,False,이름과 주변 코드로 의미가 충분하거나 단순 derived/effect 후보라 과주석 위험이 있다.
src/components/runocr/RunOcrWorkspace.tsx,1496,RunOCR 탭 최상위 workspace,customVisibleRegionIds,const/helper,1058,False,이름과 주변 코드로 의미가 충분하거나 단순 derived/effect 후보라 과주석 위험이 있다.
src/components/runocr/RunOcrWorkspace.tsx,1496,RunOCR 탭 최상위 workspace,customEmptySelectionHint,const/helper,1070,False,이름과 주변 코드로 의미가 충분하거나 단순 derived/effect 후보라 과주석 위험이 있다.
src/components/runocr/RunOcrWorkspace.tsx,1496,RunOCR 탭 최상위 workspace,handlePersistEdits,const/helper,1078,True,편집 결과를 history run에 반영하는 경로다.
src/components/runocr/RunOcrWorkspace.tsx,1496,RunOCR 탭 최상위 workspace,initial,const/helper,1080,False,이름과 주변 코드로 의미가 충분하거나 단순 derived/effect 후보라 과주석 위험이 있다.
src/components/runocr/RunOcrWorkspace.tsx,1496,RunOCR 탭 최상위 workspace,base,const/helper,1082,False,이름과 주변 코드로 의미가 충분하거나 단순 derived/effect 후보라 과주석 위험이 있다.
src/components/runocr/RunOcrWorkspace.tsx,1496,RunOCR 탭 최상위 workspace,handleResultClose,const/helper,1099,True,결과 화면에서 초기 화면으로 돌아갈 때 초기화되는 state 범위를 설명한다.
src/components/runocr/RunOcrWorkspace.tsx,1496,RunOCR 탭 최상위 workspace,resultViewerNode,const/helper,1116,False,이름과 주변 코드로 의미가 충분하거나 단순 derived/effect 후보라 과주석 위험이 있다.
src/components/runocr/RunOcrWorkspace.tsx,1496,RunOCR 탭 최상위 workspace,resultScanOverlayNode,const/helper,1155,False,이름과 주변 코드로 의미가 충분하거나 단순 derived/effect 후보라 과주석 위험이 있다.
src/components/runocr/RunOcrWorkspace.tsx,1496,RunOCR 탭 최상위 workspace,resultPanelNode,const/helper,1159,False,이름과 주변 코드로 의미가 충분하거나 단순 derived/effect 후보라 과주석 위험이 있다.
src/components/runocr/RunOcrWorkspace.tsx,1496,RunOCR 탭 최상위 workspace,formData,const/helper,1165,False,이름과 주변 코드로 의미가 충분하거나 단순 derived/effect 후보라 과주석 위험이 있다.
src/components/runocr/RunOcrWorkspace.tsx,1496,RunOCR 탭 최상위 workspace,blob,const/helper,1168,False,이름과 주변 코드로 의미가 충분하거나 단순 derived/effect 후보라 과주석 위험이 있다.
src/components/runocr/RunOcrWorkspace.tsx,1496,RunOCR 탭 최상위 workspace,url,const/helper,1173,False,이름과 주변 코드로 의미가 충분하거나 단순 derived/effect 후보라 과주석 위험이 있다.
src/components/runocr/RunOcrWorkspace.tsx,1496,RunOCR 탭 최상위 workspace,res,const/helper,1174,False,이름과 주변 코드로 의미가 충분하거나 단순 derived/effect 후보라 과주석 위험이 있다.
src/components/runocr/RunOcrWorkspace.tsx,1496,RunOCR 탭 최상위 workspace,json,const/helper,1176,False,이름과 주변 코드로 의미가 충분하거나 단순 derived/effect 후보라 과주석 위험이 있다.
src/components/runocr/RunOcrWorkspace.tsx,1496,RunOCR 탭 최상위 workspace,formData,const/helper,1195,False,이름과 주변 코드로 의미가 충분하거나 단순 derived/effect 후보라 과주석 위험이 있다.
src/components/runocr/RunOcrWorkspace.tsx,1496,RunOCR 탭 최상위 workspace,blob,const/helper,1197,False,이름과 주변 코드로 의미가 충분하거나 단순 derived/effect 후보라 과주석 위험이 있다.
src/components/runocr/RunOcrWorkspace.tsx,1496,RunOCR 탭 최상위 workspace,url,const/helper,1202,False,이름과 주변 코드로 의미가 충분하거나 단순 derived/effect 후보라 과주석 위험이 있다.
src/components/runocr/RunOcrWorkspace.tsx,1496,RunOCR 탭 최상위 workspace,res,const/helper,1203,False,이름과 주변 코드로 의미가 충분하거나 단순 derived/effect 후보라 과주석 위험이 있다.
src/components/runocr/RunOcrWorkspace.tsx,1496,RunOCR 탭 최상위 workspace,json,const/helper,1205,False,이름과 주변 코드로 의미가 충분하거나 단순 derived/effect 후보라 과주석 위험이 있다.
src/components/runocr/RunOcrWorkspace.tsx,1496,RunOCR 탭 최상위 workspace,resultHiddenFileInputNode,const/helper,1211,False,이름과 주변 코드로 의미가 충분하거나 단순 derived/effect 후보라 과주석 위험이 있다.
src/components/runocr/RunOcrWorkspace.tsx,1496,RunOCR 탭 최상위 workspace,f,const/helper,1218,False,이름과 주변 코드로 의미가 충분하거나 단순 derived/effect 후보라 과주석 위험이 있다.
src/components/runocr/RunOcrWorkspace.tsx,1496,RunOCR 탭 최상위 workspace,imgSrc,const/helper,1253,False,이름과 주변 코드로 의미가 충분하거나 단순 derived/effect 후보라 과주석 위험이 있다.
src/components/runocr/RunOcrWorkspace.tsx,1496,RunOCR 탭 최상위 workspace,rect,const/helper,1255,False,이름과 주변 코드로 의미가 충분하거나 단순 derived/effect 후보라 과주석 위험이 있다.
src/components/runocr/ui/RunOcrResultLayout.tsx,40,RunOCR 결과 화면 layout 전용 presentational component,RunOcrResultLayoutProps,type,10,True,exported public boundary라 파일을 여는 유지보수자에게 책임을 알려야 한다.
src/components/runocr/ui/RunOcrResultLayout.tsx,40,RunOCR 결과 화면 layout 전용 presentational component,RunOcrResultLayout,component,17,True,node composition layout 원칙을 설명한다.
src/components/runocr/ui/OcrResultPanel.tsx,1660,OCR 결과 표시 패널,_IDX_KEYS,const/helper,29,False,이름과 주변 코드로 의미가 충분하거나 단순 derived/effect 후보라 과주석 위험이 있다.
src/components/runocr/ui/OcrResultPanel.tsx,1660,OCR 결과 표시 패널,_CODE_KEYS,const/helper,30,False,이름과 주변 코드로 의미가 충분하거나 단순 derived/effect 후보라 과주석 위험이 있다.
src/components/runocr/ui/OcrResultPanel.tsx,1660,OCR 결과 표시 패널,_WIDE_KEYS,const/helper,31,False,이름과 주변 코드로 의미가 충분하거나 단순 derived/effect 후보라 과주석 위험이 있다.
src/components/runocr/ui/OcrResultPanel.tsx,1660,OCR 결과 표시 패널,_NUM_KEYS,const/helper,32,False,이름과 주변 코드로 의미가 충분하거나 단순 derived/effect 후보라 과주석 위험이 있다.
src/components/runocr/ui/OcrResultPanel.tsx,1660,OCR 결과 표시 패널,_invoiceColWidth,function,35,False,이름과 주변 코드로 의미가 충분하거나 단순 derived/effect 후보라 과주석 위험이 있다.
src/components/runocr/ui/OcrResultPanel.tsx,1660,OCR 결과 표시 패널,_invoiceDataAlign,function,44,False,이름과 주변 코드로 의미가 충분하거나 단순 derived/effect 후보라 과주석 위험이 있다.
src/components/runocr/ui/OcrResultPanel.tsx,1660,OCR 결과 표시 패널,_LOT_KEYS,const/helper,55,False,이름과 주변 코드로 의미가 충분하거나 단순 derived/effect 후보라 과주석 위험이 있다.
src/components/runocr/ui/OcrResultPanel.tsx,1660,OCR 결과 표시 패널,_MFG_KEYS,const/helper,56,False,이름과 주변 코드로 의미가 충분하거나 단순 derived/effect 후보라 과주석 위험이 있다.
src/components/runocr/ui/OcrResultPanel.tsx,1660,OCR 결과 표시 패널,_ITEMCODE_KEYS,const/helper,57,False,이름과 주변 코드로 의미가 충분하거나 단순 derived/effect 후보라 과주석 위험이 있다.
src/components/runocr/ui/OcrResultPanel.tsx,1660,OCR 결과 표시 패널,PREVIEW_COLUMN_HIDE_RATIO,const/helper,60,False,이름과 주변 코드로 의미가 충분하거나 단순 derived/effect 후보라 과주석 위험이 있다.
src/components/runocr/ui/OcrResultPanel.tsx,1660,OCR 결과 표시 패널,meaningfulRatio,function,63,False,이름과 주변 코드로 의미가 충분하거나 단순 derived/effect 후보라 과주석 위험이 있다.
src/components/runocr/ui/OcrResultPanel.tsx,1660,OCR 결과 표시 패널,_PREFIX_MATCH_MIN_LEN,const/helper,75,False,이름과 주변 코드로 의미가 충분하거나 단순 derived/effect 후보라 과주석 위험이 있다.
src/components/runocr/ui/OcrResultPanel.tsx,1660,OCR 결과 표시 패널,_isLotDupOfMfg,function,76,False,이름과 주변 코드로 의미가 충분하거나 단순 derived/effect 후보라 과주석 위험이 있다.
src/components/runocr/ui/OcrResultPanel.tsx,1660,OCR 결과 표시 패널,meaninglessOrDupRatio,function,86,False,이름과 주변 코드로 의미가 충분하거나 단순 derived/effect 후보라 과주석 위험이 있다.
src/components/runocr/ui/OcrResultPanel.tsx,1660,OCR 결과 표시 패널,v1,const/helper,94,False,이름과 주변 코드로 의미가 충분하거나 단순 derived/effect 후보라 과주석 위험이 있다.
src/components/runocr/ui/OcrResultPanel.tsx,1660,OCR 결과 표시 패널,v2,const/helper,95,False,이름과 주변 코드로 의미가 충분하거나 단순 derived/effect 후보라 과주석 위험이 있다.
src/components/runocr/ui/OcrResultPanel.tsx,1660,OCR 결과 표시 패널,isLotNoiseFromItemCodeTable,function,104,False,이름과 주변 코드로 의미가 충분하거나 단순 derived/effect 후보라 과주석 위험이 있다.
src/components/runocr/ui/OcrResultPanel.tsx,1660,OCR 결과 표시 패널,filterInvoicePreviewDisplayCols,function,109,False,이름과 주변 코드로 의미가 충분하거나 단순 derived/effect 후보라 과주석 위험이 있다.
src/components/runocr/ui/OcrResultPanel.tsx,1660,OCR 결과 표시 패널,mfgCol,const/helper,128,False,이름과 주변 코드로 의미가 충분하거나 단순 derived/effect 후보라 과주석 위험이 있다.
src/components/runocr/ui/OcrResultPanel.tsx,1660,OCR 결과 표시 패널,toRemove,const/helper,130,False,이름과 주변 코드로 의미가 충분하거나 단순 derived/effect 후보라 과주석 위험이 있다.
src/components/runocr/ui/OcrResultPanel.tsx,1660,OCR 결과 표시 패널,lotCol,const/helper,153,False,이름과 주변 코드로 의미가 충분하거나 단순 derived/effect 후보라 과주석 위험이 있다.
src/components/runocr/ui/OcrResultPanel.tsx,1660,OCR 결과 표시 패널,FieldSourceBox,type,163,False,이름과 주변 코드로 의미가 충분하거나 단순 derived/effect 후보라 과주석 위험이 있다.
src/components/runocr/ui/OcrResultPanel.tsx,1660,OCR 결과 표시 패널,FieldOverlayAdoption,type,170,False,이름과 주변 코드로 의미가 충분하거나 단순 derived/effect 후보라 과주석 위험이 있다.
src/components/runocr/ui/OcrResultPanel.tsx,1660,OCR 결과 표시 패널,OcrFieldResult,type,172,False,이름과 주변 코드로 의미가 충분하거나 단순 derived/effect 후보라 과주석 위험이 있다.
src/components/runocr/ui/OcrResultPanel.tsx,1660,OCR 결과 표시 패널,OcrResult,type,192,False,이름과 주변 코드로 의미가 충분하거나 단순 derived/effect 후보라 과주석 위험이 있다.
src/components/runocr/ui/OcrResultPanel.tsx,1660,OCR 결과 표시 패널,OcrResultPanel,component,225,True,tab별 결과 표시 패널의 책임과 fixture runner 영향 범위를 설명한다.
src/components/runocr/ui/OcrResultPanel.tsx,1660,OCR 결과 표시 패널,ui,const/helper,226,False,이름과 주변 코드로 의미가 충분하거나 단순 derived/effect 후보라 과주석 위험이 있다.
src/components/runocr/ui/OcrResultPanel.tsx,1660,OCR 결과 표시 패널,contentRef,const/helper,235,False,이름과 주변 코드로 의미가 충분하거나 단순 derived/effect 후보라 과주석 위험이 있다.
src/components/runocr/ui/OcrResultPanel.tsx,1660,OCR 결과 표시 패널,editedFieldsRef,const/helper,236,False,이름과 주변 코드로 의미가 충분하거나 단순 derived/effect 후보라 과주석 위험이 있다.
src/components/runocr/ui/OcrResultPanel.tsx,1660,OCR 결과 표시 패널,useEffect,effect,237,False,이름과 주변 코드로 의미가 충분하거나 단순 derived/effect 후보라 과주석 위험이 있다.
src/components/runocr/ui/OcrResultPanel.tsx,1660,OCR 결과 표시 패널,flushSave,const/helper,240,False,이름과 주변 코드로 의미가 충분하거나 단순 derived/effect 후보라 과주석 위험이 있다.
src/components/runocr/ui/OcrResultPanel.tsx,1660,OCR 결과 표시 패널,useEffect,effect,247,False,이름과 주변 코드로 의미가 충분하거나 단순 derived/effect 후보라 과주석 위험이 있다.
src/components/runocr/ui/OcrResultPanel.tsx,1660,OCR 결과 표시 패널,useEffect,effect,256,False,이름과 주변 코드로 의미가 충분하거나 단순 derived/effect 후보라 과주석 위험이 있다.
src/components/runocr/ui/OcrResultPanel.tsx,1660,OCR 결과 표시 패널,next,const/helper,260,False,이름과 주변 코드로 의미가 충분하거나 단순 derived/effect 후보라 과주석 위험이 있다.
src/components/runocr/ui/OcrResultPanel.tsx,1660,OCR 결과 표시 패널,index,const/helper,263,False,이름과 주변 코드로 의미가 충분하거나 단순 derived/effect 후보라 과주석 위험이 있다.
src/components/runocr/ui/OcrResultPanel.tsx,1660,OCR 결과 표시 패널,bbox,const/helper,265,False,이름과 주변 코드로 의미가 충분하거나 단순 derived/effect 후보라 과주석 위험이 있다.
src/components/runocr/ui/OcrResultPanel.tsx,1660,OCR 결과 표시 패널,current,const/helper,266,False,이름과 주변 코드로 의미가 충분하거나 단순 derived/effect 후보라 과주석 위험이 있다.
src/components/runocr/ui/OcrResultPanel.tsx,1660,OCR 결과 표시 패널,sameBbox,const/helper,267,False,이름과 주변 코드로 의미가 충분하거나 단순 derived/effect 후보라 과주석 위험이 있다.
src/components/runocr/ui/OcrResultPanel.tsx,1660,OCR 결과 표시 패널,newRegions,const/helper,282,False,이름과 주변 코드로 의미가 충분하거나 단순 derived/effect 후보라 과주석 위험이 있다.
src/components/runocr/ui/OcrResultPanel.tsx,1660,OCR 결과 표시 패널,existingIds,const/helper,283,False,이름과 주변 코드로 의미가 충분하거나 단순 derived/effect 후보라 과주석 위험이 있다.
src/components/runocr/ui/OcrResultPanel.tsx,1660,OCR 결과 표시 패널,FIELD_TYPES,const/helper,301,False,이름과 주변 코드로 의미가 충분하거나 단순 derived/effect 후보라 과주석 위험이 있다.
src/components/runocr/ui/OcrResultPanel.tsx,1660,OCR 결과 표시 패널,deleteField,const/helper,315,False,이름과 주변 코드로 의미가 충분하거나 단순 derived/effect 후보라 과주석 위험이 있다.
src/components/runocr/ui/OcrResultPanel.tsx,1660,OCR 결과 표시 패널,updateFieldType,const/helper,320,False,이름과 주변 코드로 의미가 충분하거나 단순 derived/effect 후보라 과주석 위험이 있다.
src/components/runocr/ui/OcrResultPanel.tsx,1660,OCR 결과 표시 패널,next,const/helper,322,False,이름과 주변 코드로 의미가 충분하거나 단순 derived/effect 후보라 과주석 위험이 있다.
src/components/runocr/ui/OcrResultPanel.tsx,1660,OCR 결과 표시 패널,updateFieldName,const/helper,328,False,이름과 주변 코드로 의미가 충분하거나 단순 derived/effect 후보라 과주석 위험이 있다.
src/components/runocr/ui/OcrResultPanel.tsx,1660,OCR 결과 표시 패널,next,const/helper,330,False,이름과 주변 코드로 의미가 충분하거나 단순 derived/effect 후보라 과주석 위험이 있다.
src/components/runocr/ui/OcrResultPanel.tsx,1660,OCR 결과 표시 패널,useEffect,effect,337,False,이름과 주변 코드로 의미가 충분하거나 단순 derived/effect 후보라 과주석 위험이 있다.
src/components/runocr/ui/OcrResultPanel.tsx,1660,OCR 결과 표시 패널,el,const/helper,342,False,이름과 주변 코드로 의미가 충분하거나 단순 derived/effect 후보라 과주석 위험이 있다.
src/components/runocr/ui/OcrResultPanel.tsx,1660,OCR 결과 표시 패널,getValidationStatus,const/helper,354,False,이름과 주변 코드로 의미가 충분하거나 단순 derived/effect 후보라 과주석 위험이 있다.
src/components/runocr/ui/OcrResultPanel.tsx,1660,OCR 결과 표시 패널,validationCounts,const/helper,360,False,이름과 주변 코드로 의미가 충분하거나 단순 derived/effect 후보라 과주석 위험이 있다.
src/components/runocr/ui/OcrResultPanel.tsx,1660,OCR 결과 표시 패널,goToCustomField,const/helper,366,False,이름과 주변 코드로 의미가 충분하거나 단순 derived/effect 후보라 과주석 위험이 있다.
src/components/runocr/ui/OcrResultPanel.tsx,1660,OCR 결과 표시 패널,el,const/helper,372,False,이름과 주변 코드로 의미가 충분하거나 단순 derived/effect 후보라 과주석 위험이 있다.
src/components/runocr/ui/OcrResultPanel.tsx,1660,OCR 결과 표시 패널,validationSummaryMessage,const/helper,377,False,이름과 주변 코드로 의미가 충분하거나 단순 derived/effect 후보라 과주석 위험이 있다.
src/components/runocr/ui/OcrResultPanel.tsx,1660,OCR 결과 표시 패널,validationState,const/helper,384,False,이름과 주변 코드로 의미가 충분하거나 단순 derived/effect 후보라 과주석 위험이 있다.
src/components/runocr/ui/OcrResultPanel.tsx,1660,OCR 결과 표시 패널,rawOcrFields,const/helper,390,False,이름과 주변 코드로 의미가 충분하거나 단순 derived/effect 후보라 과주석 위험이 있다.
src/components/runocr/ui/OcrResultPanel.tsx,1660,OCR 결과 표시 패널,gtMap,memo,391,False,이름과 주변 코드로 의미가 충분하거나 단순 derived/effect 후보라 과주석 위험이 있다.
src/components/runocr/ui/OcrResultPanel.tsx,1660,OCR 결과 표시 패널,hasGt,const/helper,395,False,이름과 주변 코드로 의미가 충분하거나 단순 derived/effect 후보라 과주석 위험이 있다.
src/components/runocr/ui/OcrResultPanel.tsx,1660,OCR 결과 표시 패널,formatConfidence,const/helper,397,False,이름과 주변 코드로 의미가 충분하거나 단순 derived/effect 후보라 과주석 위험이 있다.
src/components/runocr/ui/OcrResultPanel.tsx,1660,OCR 결과 표시 패널,value,const/helper,398,False,이름과 주변 코드로 의미가 충분하거나 단순 derived/effect 후보라 과주석 위험이 있다.
src/components/runocr/ui/OcrResultPanel.tsx,1660,OCR 결과 표시 패널,pct,const/helper,399,False,이름과 주변 코드로 의미가 충분하거나 단순 derived/effect 후보라 과주석 위험이 있다.
src/components/runocr/ui/OcrResultPanel.tsx,1660,OCR 결과 표시 패널,getGtForField,const/helper,403,False,이름과 주변 코드로 의미가 충분하거나 단순 derived/effect 후보라 과주석 위험이 있다.
src/components/runocr/ui/OcrResultPanel.tsx,1660,OCR 결과 표시 패널,flexible,const/helper,404,False,이름과 주변 코드로 의미가 충분하거나 단순 derived/effect 후보라 과주석 위험이 있다.
src/components/runocr/ui/OcrResultPanel.tsx,1660,OCR 결과 표시 패널,candidates,const/helper,411,False,이름과 주변 코드로 의미가 충분하거나 단순 derived/effect 후보라 과주석 위험이 있다.
src/components/runocr/ui/OcrResultPanel.tsx,1660,OCR 결과 표시 패널,value,const/helper,420,False,이름과 주변 코드로 의미가 충분하거나 단순 derived/effect 후보라 과주석 위험이 있다.
src/components/runocr/ui/OcrResultPanel.tsx,1660,OCR 결과 표시 패널,matchSummary,memo,428,False,이름과 주변 코드로 의미가 충분하거나 단순 derived/effect 후보라 과주석 위험이 있다.
src/components/runocr/ui/OcrResultPanel.tsx,1660,OCR 결과 표시 패널,comparableRows,const/helper,430,False,이름과 주변 코드로 의미가 충분하거나 단순 derived/effect 후보라 과주석 위험이 있다.
src/components/runocr/ui/OcrResultPanel.tsx,1660,OCR 결과 표시 패널,matched,const/helper,433,False,이름과 주변 코드로 의미가 충분하거나 단순 derived/effect 후보라 과주석 위험이 있다.
src/components/runocr/ui/OcrResultPanel.tsx,1660,OCR 결과 표시 패널,gt,const/helper,434,False,이름과 주변 코드로 의미가 충분하거나 단순 derived/effect 후보라 과주석 위험이 있다.
src/components/runocr/ui/OcrResultPanel.tsx,1660,OCR 결과 표시 패널,total,const/helper,437,False,이름과 주변 코드로 의미가 충분하거나 단순 derived/effect 후보라 과주석 위험이 있다.
src/components/runocr/ui/OcrResultPanel.tsx,1660,OCR 결과 표시 패널,pct,const/helper,438,False,이름과 주변 코드로 의미가 충분하거나 단순 derived/effect 후보라 과주석 위험이 있다.
src/components/runocr/ui/OcrResultPanel.tsx,1660,OCR 결과 표시 패널,renderAdoption,const/helper,442,False,이름과 주변 코드로 의미가 충분하거나 단순 derived/effect 후보라 과주석 위험이 있다.
src/components/runocr/ui/OcrResultPanel.tsx,1660,OCR 결과 표시 패널,label,const/helper,443,False,이름과 주변 코드로 의미가 충분하거나 단순 derived/effect 후보라 과주석 위험이 있다.
src/components/runocr/ui/OcrResultPanel.tsx,1660,OCR 결과 표시 패널,color,const/helper,444,False,이름과 주변 코드로 의미가 충분하거나 단순 derived/effect 후보라 과주석 위험이 있다.
src/components/runocr/ui/OcrResultPanel.tsx,1660,OCR 결과 표시 패널,getOriginalOcrValue,const/helper,452,False,이름과 주변 코드로 의미가 충분하거나 단순 derived/effect 후보라 과주석 위험이 있다.
src/components/runocr/ui/OcrResultPanel.tsx,1660,OCR 결과 표시 패널,renderSourceBadge,const/helper,460,False,이름과 주변 코드로 의미가 충분하거나 단순 derived/effect 후보라 과주석 위험이 있다.
src/components/runocr/ui/OcrResultPanel.tsx,1660,OCR 결과 표시 패널,meta,const/helper,462,False,이름과 주변 코드로 의미가 충분하거나 단순 derived/effect 후보라 과주석 위험이 있다.
src/components/runocr/ui/OcrResultPanel.tsx,1660,OCR 결과 표시 패널,actionMeta,const/helper,487,False,이름과 주변 코드로 의미가 충분하거나 단순 derived/effect 후보라 과주석 위험이 있다.
src/components/runocr/ui/OcrResultPanel.tsx,1660,OCR 결과 표시 패널,renderAutofillActionBadge,const/helper,494,False,이름과 주변 코드로 의미가 충분하거나 단순 derived/effect 후보라 과주석 위험이 있다.
src/components/runocr/ui/OcrResultPanel.tsx,1660,OCR 결과 표시 패널,meta,const/helper,495,False,이름과 주변 코드로 의미가 충분하거나 단순 derived/effect 후보라 과주석 위험이 있다.
src/components/runocr/ui/OcrResultPanel.tsx,1660,OCR 결과 표시 패널,autofillDetailRows,memo,516,False,이름과 주변 코드로 의미가 충분하거나 단순 derived/effect 후보라 과주석 위험이 있다.
src/components/runocr/ui/OcrResultPanel.tsx,1660,OCR 결과 표시 패널,candidate,const/helper,517,False,이름과 주변 코드로 의미가 충분하거나 단순 derived/effect 후보라 과주석 위험이 있다.
src/components/runocr/ui/OcrResultPanel.tsx,1660,OCR 결과 표시 패널,action,const/helper,518,False,이름과 주변 코드로 의미가 충분하거나 단순 derived/effect 후보라 과주석 위험이 있다.
src/components/runocr/ui/OcrResultPanel.tsx,1660,OCR 결과 표시 패널,hasAutofillDetail,const/helper,532,False,이름과 주변 코드로 의미가 충분하거나 단순 derived/effect 후보라 과주석 위험이 있다.
src/components/runocr/ui/OcrResultPanel.tsx,1660,OCR 결과 표시 패널,autofillHelpText,const/helper,534,False,이름과 주변 코드로 의미가 충분하거나 단순 derived/effect 후보라 과주석 위험이 있다.
src/components/runocr/ui/OcrResultPanel.tsx,1660,OCR 결과 표시 패널,renderAutofillSummary,const/helper,547,False,이름과 주변 코드로 의미가 충분하거나 단순 derived/effect 후보라 과주석 위험이 있다.
src/components/runocr/ui/OcrResultPanel.tsx,1660,OCR 결과 표시 패널,restoredCount,const/helper,550,False,이름과 주변 코드로 의미가 충분하거나 단순 derived/effect 후보라 과주석 위험이 있다.
src/components/runocr/ui/OcrResultPanel.tsx,1660,OCR 결과 표시 패널,isApplied,const/helper,551,False,이름과 주변 코드로 의미가 충분하거나 단순 derived/effect 후보라 과주석 위험이 있다.
src/components/runocr/ui/OcrResultPanel.tsx,1660,OCR 결과 표시 패널,isConfirmed,const/helper,552,False,이름과 주변 코드로 의미가 충분하거나 단순 derived/effect 후보라 과주석 위험이 있다.
src/components/runocr/ui/OcrResultPanel.tsx,1660,OCR 결과 표시 패널,isNoCandidates,const/helper,553,False,이름과 주변 코드로 의미가 충분하거나 단순 derived/effect 후보라 과주석 위험이 있다.
src/components/runocr/ui/OcrResultPanel.tsx,1660,OCR 결과 표시 패널,isNoBizNum,const/helper,554,False,이름과 주변 코드로 의미가 충분하거나 단순 derived/effect 후보라 과주석 위험이 있다.
src/components/runocr/ui/OcrResultPanel.tsx,1660,OCR 결과 표시 패널,isNotRun,const/helper,555,False,이름과 주변 코드로 의미가 충분하거나 단순 derived/effect 후보라 과주석 위험이 있다.
src/components/runocr/ui/OcrResultPanel.tsx,1660,OCR 결과 표시 패널,summaryText,const/helper,558,False,이름과 주변 코드로 의미가 충분하거나 단순 derived/effect 후보라 과주석 위험이 있다.
src/components/runocr/ui/OcrResultPanel.tsx,1660,OCR 결과 표시 패널,cs,const/helper,567,False,이름과 주변 코드로 의미가 충분하거나 단순 derived/effect 후보라 과주석 위험이 있다.
src/components/runocr/ui/OcrResultPanel.tsx,1660,OCR 결과 표시 패널,renderDetail,const/helper,576,False,이름과 주변 코드로 의미가 충분하거나 단순 derived/effect 후보라 과주석 위험이 있다.
src/components/runocr/ui/OcrResultPanel.tsx,1660,OCR 결과 표시 패널,toMarkdown,const/helper,658,False,이름과 주변 코드로 의미가 충분하거나 단순 derived/effect 후보라 과주석 위험이 있다.
src/components/runocr/ui/OcrResultPanel.tsx,1660,OCR 결과 표시 패널,docTableRows,memo,666,False,이름과 주변 코드로 의미가 충분하거나 단순 derived/effect 후보라 과주석 위험이 있다.
src/components/runocr/ui/OcrResultPanel.tsx,1660,OCR 결과 표시 패널,df,const/helper,667,False,이름과 주변 코드로 의미가 충분하거나 단순 derived/effect 후보라 과주석 위험이 있다.
src/components/runocr/ui/OcrResultPanel.tsx,1660,OCR 결과 표시 패널,rows,const/helper,669,False,이름과 주변 코드로 의미가 충분하거나 단순 derived/effect 후보라 과주석 위험이 있다.
src/components/runocr/ui/OcrResultPanel.tsx,1660,OCR 결과 표시 패널,docTableMeta,memo,674,False,이름과 주변 코드로 의미가 충분하거나 단순 derived/effect 후보라 과주석 위험이 있다.
src/components/runocr/ui/OcrResultPanel.tsx,1660,OCR 결과 표시 패널,df,const/helper,675,False,이름과 주변 코드로 의미가 충분하거나 단순 derived/effect 후보라 과주석 위험이 있다.
src/components/runocr/ui/OcrResultPanel.tsx,1660,OCR 결과 표시 패널,tm,const/helper,677,False,이름과 주변 코드로 의미가 충분하거나 단순 derived/effect 후보라 과주석 위험이 있다.
src/components/runocr/ui/OcrResultPanel.tsx,1660,OCR 결과 표시 패널,docTableDisplayCols,memo,684,False,이름과 주변 코드로 의미가 충분하거나 단순 derived/effect 후보라 과주석 위험이 있다.
src/components/runocr/ui/OcrResultPanel.tsx,1660,OCR 결과 표시 패널,previewStructuredTableViewModel,memo,691,False,이름과 주변 코드로 의미가 충분하거나 단순 derived/effect 후보라 과주석 위험이 있다.
src/components/runocr/ui/OcrResultPanel.tsx,1660,OCR 결과 표시 패널,previewTableFields,memo,702,False,이름과 주변 코드로 의미가 충분하거나 단순 derived/effect 후보라 과주석 위험이 있다.
src/components/runocr/ui/OcrResultPanel.tsx,1660,OCR 결과 표시 패널,_PREVIEW_BADGE_KEYS,const/helper,713,False,이름과 주변 코드로 의미가 충분하거나 단순 derived/effect 후보라 과주석 위험이 있다.
src/components/runocr/ui/OcrResultPanel.tsx,1660,OCR 결과 표시 패널,missingExpectedWarning,memo,714,False,이름과 주변 코드로 의미가 충분하거나 단순 derived/effect 후보라 과주석 위험이 있다.
src/components/runocr/ui/OcrResultPanel.tsx,1660,OCR 결과 표시 패널,displayKeys,const/helper,716,False,이름과 주변 코드로 의미가 충분하거나 단순 derived/effect 후보라 과주석 위험이 있다.
src/components/runocr/ui/OcrResultPanel.tsx,1660,OCR 결과 표시 패널,warnKeys,const/helper,717,False,이름과 주변 코드로 의미가 충분하거나 단순 derived/effect 후보라 과주석 위험이 있다.
src/components/runocr/ui/OcrResultPanel.tsx,1660,OCR 결과 표시 패널,vmw,const/helper,720,False,이름과 주변 코드로 의미가 충분하거나 단순 derived/effect 후보라 과주석 위험이 있다.
src/components/runocr/ui/OcrResultPanel.tsx,1660,OCR 결과 표시 패널,parts,const/helper,723,False,이름과 주변 코드로 의미가 충분하거나 단순 derived/effect 후보라 과주석 위험이 있다.
src/components/runocr/ui/OcrResultPanel.tsx,1660,OCR 결과 표시 패널,k,const/helper,725,False,이름과 주변 코드로 의미가 충분하거나 단순 derived/effect 후보라 과주석 위험이 있다.
src/components/runocr/ui/OcrResultPanel.tsx,1660,OCR 결과 표시 패널,expKeys,const/helper,732,False,이름과 주변 코드로 의미가 충분하거나 단순 derived/effect 후보라 과주석 위험이 있다.
src/components/runocr/ui/OcrResultPanel.tsx,1660,OCR 결과 표시 패널,key,const/helper,735,False,이름과 주변 코드로 의미가 충분하거나 단순 derived/effect 후보라 과주석 위험이 있다.
src/components/runocr/ui/OcrResultPanel.tsx,1660,OCR 결과 표시 패널,labels,const/helper,744,False,이름과 주변 코드로 의미가 충분하거나 단순 derived/effect 후보라 과주석 위험이 있다.
src/components/runocr/ui/OcrResultPanel.tsx,1660,OCR 결과 표시 패널,toCleanJson,const/helper,760,False,이름과 주변 코드로 의미가 충분하거나 단순 derived/effect 후보라 과주석 위험이 있다.
src/components/runocr/ui/OcrResultPanel.tsx,1660,OCR 결과 표시 패널,handleCopy,const/helper,762,False,이름과 주변 코드로 의미가 충분하거나 단순 derived/effect 후보라 과주석 위험이 있다.
src/components/runocr/ui/OcrResultPanel.tsx,1660,OCR 결과 표시 패널,handleExport,const/helper,767,False,이름과 주변 코드로 의미가 충분하거나 단순 derived/effect 후보라 과주석 위험이 있다.
src/components/runocr/ui/OcrResultPanel.tsx,1660,OCR 결과 표시 패널,blob,const/helper,768,False,이름과 주변 코드로 의미가 충분하거나 단순 derived/effect 후보라 과주석 위험이 있다.
src/components/runocr/ui/OcrResultPanel.tsx,1660,OCR 결과 표시 패널,url,const/helper,769,False,이름과 주변 코드로 의미가 충분하거나 단순 derived/effect 후보라 과주석 위험이 있다.
src/components/runocr/ui/OcrResultPanel.tsx,1660,OCR 결과 표시 패널,a,const/helper,770,False,이름과 주변 코드로 의미가 충분하거나 단순 derived/effect 후보라 과주석 위험이 있다.
src/components/runocr/ui/OcrResultPanel.tsx,1660,OCR 결과 표시 패널,updateFieldValue,const/helper,777,False,이름과 주변 코드로 의미가 충분하거나 단순 derived/effect 후보라 과주석 위험이 있다.
src/components/runocr/ui/OcrResultPanel.tsx,1660,OCR 결과 표시 패널,next,const/helper,779,False,이름과 주변 코드로 의미가 충분하거나 단순 derived/effect 후보라 과주석 위험이 있다.
src/components/runocr/ui/OcrResultPanel.tsx,1660,OCR 결과 표시 패널,current,const/helper,780,False,이름과 주변 코드로 의미가 충분하거나 단순 derived/effect 후보라 과주석 위험이 있다.
src/components/runocr/ui/OcrResultPanel.tsx,1660,OCR 결과 표시 패널,original,const/helper,781,False,이름과 주변 코드로 의미가 충분하거나 단순 derived/effect 후보라 과주석 위험이 있다.
src/components/runocr/ui/OcrResultPanel.tsx,1660,OCR 결과 표시 패널,formatHHMM,const/helper,789,False,이름과 주변 코드로 의미가 충분하거나 단순 derived/effect 후보라 과주석 위험이 있다.
src/components/runocr/ui/OcrResultPanel.tsx,1660,OCR 결과 표시 패널,h,const/helper,790,False,이름과 주변 코드로 의미가 충분하거나 단순 derived/effect 후보라 과주석 위험이 있다.
src/components/runocr/ui/OcrResultPanel.tsx,1660,OCR 결과 표시 패널,m,const/helper,791,False,이름과 주변 코드로 의미가 충분하거나 단순 derived/effect 후보라 과주석 위험이 있다.
src/components/runocr/ui/OcrResultPanel.tsx,1660,OCR 결과 표시 패널,headerCreatedAt,const/helper,794,False,이름과 주변 코드로 의미가 충분하거나 단순 derived/effect 후보라 과주석 위험이 있다.
src/components/runocr/ui/OcrResultPanel.tsx,1660,OCR 결과 표시 패널,text,const/helper,973,False,이름과 주변 코드로 의미가 충분하거나 단순 derived/effect 후보라 과주석 위험이 있다.
src/components/runocr/ui/OcrResultPanel.tsx,1660,OCR 결과 표시 패널,match,const/helper,974,False,이름과 주변 코드로 의미가 충분하거나 단순 derived/effect 후보라 과주석 위험이 있다.
src/components/runocr/ui/OcrResultPanel.tsx,1660,OCR 결과 표시 패널,viewModel,const/helper,1000,False,이름과 주변 코드로 의미가 충분하거나 단순 derived/effect 후보라 과주석 위험이 있다.
src/components/runocr/ui/OcrResultPanel.tsx,1660,OCR 결과 표시 패널,nextMode,const/helper,1185,False,이름과 주변 코드로 의미가 충분하거나 단순 derived/effect 후보라 과주석 위험이 있다.
src/components/runocr/ui/OcrResultPanel.tsx,1660,OCR 결과 표시 패널,targets,const/helper,1196,False,이름과 주변 코드로 의미가 충분하거나 단순 derived/effect 후보라 과주석 위험이 있다.
src/components/runocr/ui/OcrResultPanel.tsx,1660,OCR 결과 표시 패널,updated,const/helper,1210,False,이름과 주변 코드로 의미가 충분하거나 단순 derived/effect 후보라 과주석 위험이 있다.
src/components/runocr/ui/OcrResultPanel.tsx,1660,OCR 결과 표시 패널,next,const/helper,1214,False,이름과 주변 코드로 의미가 충분하거나 단순 derived/effect 후보라 과주석 위험이 있다.
src/components/runocr/ui/OcrResultPanel.tsx,1660,OCR 결과 표시 패널,targetIdx,const/helper,1216,False,이름과 주변 코드로 의미가 충분하거나 단순 derived/effect 후보라 과주석 위험이 있다.
src/components/runocr/ui/OcrResultPanel.tsx,1660,OCR 결과 표시 패널,newVal,const/helper,1373,False,이름과 주변 코드로 의미가 충분하거나 단순 derived/effect 후보라 과주석 위험이 있다.
src/components/runocr/ui/OcrResultPanel.tsx,1660,OCR 결과 표시 패널,base,const/helper,1375,False,이름과 주변 코드로 의미가 충분하거나 단순 derived/effect 후보라 과주석 위험이 있다.
src/components/runocr/ui/OcrResultPanel.tsx,1660,OCR 결과 표시 패널,rowLabel,const/helper,1398,False,이름과 주변 코드로 의미가 충분하거나 단순 derived/effect 후보라 과주석 위험이 있다.
src/components/runocr/ui/OcrResultPanel.tsx,1660,OCR 결과 표시 패널,firstRowPreview,const/helper,1399,False,이름과 주변 코드로 의미가 충분하거나 단순 derived/effect 후보라 과주석 위험이 있다.
src/components/runocr/ui/OcrResultPanel.tsx,1660,OCR 결과 표시 패널,rows,const/helper,1475,False,이름과 주변 코드로 의미가 충분하거나 단순 derived/effect 후보라 과주석 위험이 있다.
src/components/runocr/ui/OcrResultPanel.tsx,1660,OCR 결과 표시 패널,status,const/helper,1476,False,이름과 주변 코드로 의미가 충분하거나 단순 derived/effect 후보라 과주석 위험이 있다.
src/components/runocr/ui/OcrResultPanel.tsx,1660,OCR 결과 표시 패널,sections,const/helper,1479,False,이름과 주변 코드로 의미가 충분하거나 단순 derived/effect 후보라 과주석 위험이 있다.
src/components/runocr/ui/OcrResultPanel.tsx,1660,OCR 결과 표시 패널,hasStructured,const/helper,1527,False,이름과 주변 코드로 의미가 충분하거나 단순 derived/effect 후보라 과주석 위험이 있다.
src/components/runocr/ui/OcrResultPanel.tsx,1660,OCR 결과 표시 패널,rowLabel,const/helper,1528,False,이름과 주변 코드로 의미가 충분하거나 단순 derived/effect 후보라 과주석 위험이 있다.
src/components/runocr/ui/OcrDocViewer.tsx,224,OCR 대상 문서 viewer,OcrDocViewer,component,20,True,scale/overlay 좌표 계산과 선택 이벤트 전달 역할을 설명한다.
src/components/runocr/ui/OcrDocViewer.tsx,224,OCR 대상 문서 viewer,wrapRef,const/helper,29,False,이름과 주변 코드로 의미가 충분하거나 단순 derived/effect 후보라 과주석 위험이 있다.
src/components/runocr/ui/OcrDocViewer.tsx,224,OCR 대상 문서 viewer,imgRef,const/helper,30,False,이름과 주변 코드로 의미가 충분하거나 단순 derived/effect 후보라 과주석 위험이 있다.
src/components/runocr/ui/OcrDocViewer.tsx,224,OCR 대상 문서 viewer,overlayBoxes,const/helper,37,False,이름과 주변 코드로 의미가 충분하거나 단순 derived/effect 후보라 과주석 위험이 있다.
src/components/runocr/ui/OcrDocViewer.tsx,224,OCR 대상 문서 viewer,boxes,const/helper,39,False,이름과 주변 코드로 의미가 충분하거나 단순 derived/effect 후보라 과주석 위험이 있다.
src/components/runocr/ui/OcrDocViewer.tsx,224,OCR 대상 문서 viewer,adoption,const/helper,46,False,이름과 주변 코드로 의미가 충분하거나 단순 derived/effect 후보라 과주석 위험이 있다.
src/components/runocr/ui/OcrDocViewer.tsx,224,OCR 대상 문서 viewer,fieldName,const/helper,48,False,이름과 주변 코드로 의미가 충분하거나 단순 derived/effect 후보라 과주석 위험이 있다.
src/components/runocr/ui/OcrDocViewer.tsx,224,OCR 대상 문서 viewer,isTableType,type,49,False,이름과 주변 코드로 의미가 충분하거나 단순 derived/effect 후보라 과주석 위험이 있다.
src/components/runocr/ui/OcrDocViewer.tsx,224,OCR 대상 문서 viewer,isLargeRegion,const/helper,50,False,이름과 주변 코드로 의미가 충분하거나 단순 derived/effect 후보라 과주석 위험이 있다.
src/components/runocr/ui/OcrDocViewer.tsx,224,OCR 대상 문서 viewer,scaleX,const/helper,53,False,이름과 주변 코드로 의미가 충분하거나 단순 derived/effect 후보라 과주석 위험이 있다.
src/components/runocr/ui/OcrDocViewer.tsx,224,OCR 대상 문서 viewer,renderedX,const/helper,54,False,이름과 주변 코드로 의미가 충분하거나 단순 derived/effect 후보라 과주석 위험이 있다.
src/components/runocr/ui/OcrDocViewer.tsx,224,OCR 대상 문서 viewer,renderedY,const/helper,55,False,이름과 주변 코드로 의미가 충분하거나 단순 derived/effect 후보라 과주석 위험이 있다.
src/components/runocr/ui/OcrDocViewer.tsx,224,OCR 대상 문서 viewer,renderedW,const/helper,56,False,이름과 주변 코드로 의미가 충분하거나 단순 derived/effect 후보라 과주석 위험이 있다.
src/components/runocr/ui/OcrDocViewer.tsx,224,OCR 대상 문서 viewer,renderedH,const/helper,57,False,이름과 주변 코드로 의미가 충분하거나 단순 derived/effect 후보라 과주석 위험이 있다.
src/components/runocr/ui/OcrDocViewer.tsx,224,OCR 대상 문서 viewer,tooltipLines,const/helper,58,False,이름과 주변 코드로 의미가 충분하거나 단순 derived/effect 후보라 과주석 위험이 있다.
src/components/runocr/ui/OcrDocViewer.tsx,224,OCR 대상 문서 viewer,updateScale,callback,87,True,viewer overlay 정합성에 영향을 주는 scale 측정 helper다.
src/components/runocr/ui/OcrDocViewer.tsx,224,OCR 대상 문서 viewer,img,const/helper,88,False,이름과 주변 코드로 의미가 충분하거나 단순 derived/effect 후보라 과주석 위험이 있다.
src/components/runocr/ui/OcrDocViewer.tsx,224,OCR 대상 문서 viewer,bboxW,const/helper,92,False,이름과 주변 코드로 의미가 충분하거나 단순 derived/effect 후보라 과주석 위험이 있다.
src/components/runocr/ui/OcrDocViewer.tsx,224,OCR 대상 문서 viewer,bboxH,const/helper,93,False,이름과 주변 코드로 의미가 충분하거나 단순 derived/effect 후보라 과주석 위험이 있다.
src/components/runocr/ui/OcrDocViewer.tsx,224,OCR 대상 문서 viewer,useEffect,effect,101,False,이름과 주변 코드로 의미가 충분하거나 단순 derived/effect 후보라 과주석 위험이 있다.
src/components/runocr/ui/OcrDocViewer.tsx,224,OCR 대상 문서 viewer,img,const/helper,102,False,이름과 주변 코드로 의미가 충분하거나 단순 derived/effect 후보라 과주석 위험이 있다.
src/components/runocr/ui/OcrDocViewer.tsx,224,OCR 대상 문서 viewer,ro,const/helper,106,False,이름과 주변 코드로 의미가 충분하거나 단순 derived/effect 후보라 과주석 위험이 있다.
src/components/runocr/ui/OcrDocViewer.tsx,224,OCR 대상 문서 viewer,isSelected,const/helper,152,False,이름과 주변 코드로 의미가 충분하거나 단순 derived/effect 후보라 과주석 위험이 있다.
src/components/runocr/ui/OcrDocViewer.tsx,224,OCR 대상 문서 viewer,adoption,const/helper,153,False,이름과 주변 코드로 의미가 충분하거나 단순 derived/effect 후보라 과주석 위험이 있다.
src/components/runocr/ui/OcrDocViewer.tsx,224,OCR 대상 문서 viewer,color,const/helper,154,False,이름과 주변 코드로 의미가 충분하거나 단순 derived/effect 후보라 과주석 위험이 있다.
src/components/runocr/ui/OcrDocViewer.tsx,224,OCR 대상 문서 viewer,background,const/helper,156,False,이름과 주변 코드로 의미가 충분하거나 단순 derived/effect 후보라 과주석 위험이 있다.
src/components/runocr/ui/OcrDocViewer.tsx,224,OCR 대상 문서 viewer,left,const/helper,162,False,이름과 주변 코드로 의미가 충분하거나 단순 derived/effect 후보라 과주석 위험이 있다.
src/components/runocr/ui/OcrDocViewer.tsx,224,OCR 대상 문서 viewer,top,const/helper,163,False,이름과 주변 코드로 의미가 충분하거나 단순 derived/effect 후보라 과주석 위험이 있다.
src/components/runocr/ui/OcrDocViewer.tsx,224,OCR 대상 문서 viewer,width,const/helper,164,False,이름과 주변 코드로 의미가 충분하거나 단순 derived/effect 후보라 과주석 위험이 있다.
src/components/runocr/ui/OcrDocViewer.tsx,224,OCR 대상 문서 viewer,height,const/helper,165,False,이름과 주변 코드로 의미가 충분하거나 단순 derived/effect 후보라 과주석 위험이 있다.
src/components/runocr/ui/OcrDocViewer.tsx,224,OCR 대상 문서 viewer,badgeTop,const/helper,166,False,이름과 주변 코드로 의미가 충분하거나 단순 derived/effect 후보라 과주석 위험이 있다.
src/components/runocr/ui/OcrDocViewer.tsx,224,OCR 대상 문서 viewer,zIndex,const/helper,167,False,이름과 주변 코드로 의미가 충분하거나 단순 derived/effect 후보라 과주석 위험이 있다.
src/components/runocr/ui/CornerAdjust.tsx,174,문서 코너 보정 UI,Corner,type,5,False,이름과 주변 코드로 의미가 충분하거나 단순 derived/effect 후보라 과주석 위험이 있다.
src/components/runocr/ui/CornerAdjust.tsx,174,문서 코너 보정 UI,HANDLE_R,const/helper,13,False,이름과 주변 코드로 의미가 충분하거나 단순 derived/effect 후보라 과주석 위험이 있다.
src/components/runocr/ui/CornerAdjust.tsx,174,문서 코너 보정 UI,LABELS,const/helper,14,False,이름과 주변 코드로 의미가 충분하거나 단순 derived/effect 후보라 과주석 위험이 있다.
src/components/runocr/ui/CornerAdjust.tsx,174,문서 코너 보정 UI,LABEL_NAMES,const/helper,15,False,이름과 주변 코드로 의미가 충분하거나 단순 derived/effect 후보라 과주석 위험이 있다.
src/components/runocr/ui/CornerAdjust.tsx,174,문서 코너 보정 UI,CornerAdjust,component,17,True,normalized corner coordinate interaction을 설명한다.
src/components/runocr/ui/CornerAdjust.tsx,174,문서 코너 보정 UI,containerRef,const/helper,18,False,이름과 주변 코드로 의미가 충분하거나 단순 derived/effect 후보라 과주석 위험이 있다.
src/components/runocr/ui/CornerAdjust.tsx,174,문서 코너 보정 UI,imgRef,const/helper,19,False,이름과 주변 코드로 의미가 충분하거나 단순 derived/effect 후보라 과주석 위험이 있다.
src/components/runocr/ui/CornerAdjust.tsx,174,문서 코너 보정 UI,placing,const/helper,23,False,이름과 주변 코드로 의미가 충분하거나 단순 derived/effect 후보라 과주석 위험이 있다.
src/components/runocr/ui/CornerAdjust.tsx,174,문서 코너 보정 UI,useEffect,effect,25,False,이름과 주변 코드로 의미가 충분하거나 단순 derived/effect 후보라 과주석 위험이 있다.
src/components/runocr/ui/CornerAdjust.tsx,174,문서 코너 보정 UI,el,const/helper,26,False,이름과 주변 코드로 의미가 충분하거나 단순 derived/effect 후보라 과주석 위험이 있다.
src/components/runocr/ui/CornerAdjust.tsx,174,문서 코너 보정 UI,measure,const/helper,28,False,이름과 주변 코드로 의미가 충분하거나 단순 derived/effect 후보라 과주석 위험이 있다.
src/components/runocr/ui/CornerAdjust.tsx,174,문서 코너 보정 UI,ro,const/helper,30,False,이름과 주변 코드로 의미가 충분하거나 단순 derived/effect 후보라 과주석 위험이 있다.
src/components/runocr/ui/CornerAdjust.tsx,174,문서 코너 보정 UI,toPixel,const/helper,35,False,이름과 주변 코드로 의미가 충분하거나 단순 derived/effect 후보라 과주석 위험이 있다.
src/components/runocr/ui/CornerAdjust.tsx,174,문서 코너 보정 UI,toNorm,const/helper,38,False,이름과 주변 코드로 의미가 충분하거나 단순 derived/effect 후보라 과주석 위험이 있다.
src/components/runocr/ui/CornerAdjust.tsx,174,문서 코너 보정 UI,onImgClick,callback,44,True,corner point 추가 방식과 normalized coordinate 변환을 설명한다.
src/components/runocr/ui/CornerAdjust.tsx,174,문서 코너 보정 UI,rect,const/helper,46,False,이름과 주변 코드로 의미가 충분하거나 단순 derived/effect 후보라 과주석 위험이 있다.
src/components/runocr/ui/CornerAdjust.tsx,174,문서 코너 보정 UI,px,const/helper,47,False,이름과 주변 코드로 의미가 충분하거나 단순 derived/effect 후보라 과주석 위험이 있다.
src/components/runocr/ui/CornerAdjust.tsx,174,문서 코너 보정 UI,updated,const/helper,48,False,이름과 주변 코드로 의미가 충분하거나 단순 derived/effect 후보라 과주석 위험이 있다.
src/components/runocr/ui/CornerAdjust.tsx,174,문서 코너 보정 UI,onPointerDown,callback,53,False,이름과 주변 코드로 의미가 충분하거나 단순 derived/effect 후보라 과주석 위험이 있다.
src/components/runocr/ui/CornerAdjust.tsx,174,문서 코너 보정 UI,onPointerMove,callback,61,True,drag 중 normalized coordinate update를 설명한다.
src/components/runocr/ui/CornerAdjust.tsx,174,문서 코너 보정 UI,rect,const/helper,63,False,이름과 주변 코드로 의미가 충분하거나 단순 derived/effect 후보라 과주석 위험이 있다.
src/components/runocr/ui/CornerAdjust.tsx,174,문서 코너 보정 UI,px,const/helper,64,False,이름과 주변 코드로 의미가 충분하거나 단순 derived/effect 후보라 과주석 위험이 있다.
src/components/runocr/ui/CornerAdjust.tsx,174,문서 코너 보정 UI,updated,const/helper,65,False,이름과 주변 코드로 의미가 충분하거나 단순 derived/effect 후보라 과주석 위험이 있다.
src/components/runocr/ui/CornerAdjust.tsx,174,문서 코너 보정 UI,onPointerUp,callback,70,False,이름과 주변 코드로 의미가 충분하거나 단순 derived/effect 후보라 과주석 위험이 있다.
src/components/runocr/ui/CornerAdjust.tsx,174,문서 코너 보정 UI,pts,const/helper,72,False,이름과 주변 코드로 의미가 충분하거나 단순 derived/effect 후보라 과주석 위험이 있다.
src/components/runocr/ui/CornerAdjust.tsx,174,문서 코너 보정 UI,poly,const/helper,73,False,이름과 주변 코드로 의미가 충분하거나 단순 derived/effect 후보라 과주석 위험이 있다.
src/components/runocr/ui/CornerAdjust.tsx,174,문서 코너 보정 UI,next,const/helper,120,False,이름과 주변 코드로 의미가 충분하거나 단순 derived/effect 후보라 과주석 위험이 있다.
src/components/runocr/utils/buildOcrFormData.ts,25,OCR 요청 FormData 구성 helper,BuildOcrFormDataInput,type,3,True,exported public boundary라 파일을 여는 유지보수자에게 책임을 알려야 한다.
src/components/runocr/utils/buildOcrFormData.ts,25,OCR 요청 FormData 구성 helper,buildOcrFormData,function,13,True,backend multipart key 계약과 FormData key parity 검증 대상이다.
src/components/runocr/utils/buildOcrFormData.ts,25,OCR 요청 FormData 구성 helper,formData,const/helper,14,False,이름과 주변 코드로 의미가 충분하거나 단순 derived/effect 후보라 과주석 위험이 있다.
src/components/runocr/utils/runOcrRequest.ts,25,OCR API request helper,RunOcrRequestInput,type,3,True,exported public boundary라 파일을 여는 유지보수자에게 책임을 알려야 한다.
src/components/runocr/utils/runOcrRequest.ts,25,OCR API request helper,RunOcrRawResponse,type,7,False,이름과 주변 코드로 의미가 충분하거나 단순 derived/effect 후보라 과주석 위험이 있다.
src/components/runocr/utils/runOcrRequest.ts,25,OCR API request helper,runOcrRequest,function,15,True,request boundary와 UI state 비소유 원칙을 설명한다.
src/components/runocr/utils/runOcrRequest.ts,25,OCR API request helper,backendBase,const/helper,16,False,이름과 주변 코드로 의미가 충분하거나 단순 derived/effect 후보라 과주석 위험이 있다.
src/components/runocr/utils/runOcrRequest.ts,25,OCR API request helper,ocrEndpoint,const/helper,17,False,이름과 주변 코드로 의미가 충분하거나 단순 derived/effect 후보라 과주석 위험이 있다.
src/components/runocr/utils/runOcrRequest.ts,25,OCR API request helper,formData,const/helper,18,False,이름과 주변 코드로 의미가 충분하거나 단순 derived/effect 후보라 과주석 위험이 있다.
src/components/runocr/utils/runOcrRequest.ts,25,OCR API request helper,res,const/helper,19,False,이름과 주변 코드로 의미가 충분하거나 단순 derived/effect 후보라 과주석 위험이 있다.
src/components/runocr/utils/mapOcrResponse.ts,120,raw OCR response to OcrResult mapper,BuildRunOcrResultTemplate,type,6,False,이름과 주변 코드로 의미가 충분하거나 단순 derived/effect 후보라 과주석 위험이 있다.
src/components/runocr/utils/mapOcrResponse.ts,120,raw OCR response to OcrResult mapper,BuildRunOcrResultOptions,type,20,False,이름과 주변 코드로 의미가 충분하거나 단순 derived/effect 후보라 과주석 위험이 있다.
src/components/runocr/utils/mapOcrResponse.ts,120,raw OCR response to OcrResult mapper,buildRunOcrResult,function,25,True,raw response에서 OcrResult로 매핑하는 순수 contract다.
src/components/runocr/utils/mapOcrResponse.ts,120,raw OCR response to OcrResult mapper,normalizeFieldKey,const/helper,26,False,이름과 주변 코드로 의미가 충분하거나 단순 derived/effect 후보라 과주석 위험이 있다.
src/components/runocr/utils/mapOcrResponse.ts,120,raw OCR response to OcrResult mapper,enriched,const/helper,38,False,이름과 주변 코드로 의미가 충분하거나 단순 derived/effect 후보라 과주석 위험이 있다.
src/components/runocr/utils/mapOcrResponse.ts,120,raw OCR response to OcrResult mapper,region,const/helper,39,False,이름과 주변 코드로 의미가 충분하거나 단순 derived/effect 후보라 과주석 위험이 있다.
src/components/runocr/utils/mapOcrResponse.ts,120,raw OCR response to OcrResult mapper,receiptFields,const/helper,49,False,이름과 주변 코드로 의미가 충분하거나 단순 derived/effect 후보라 과주석 위험이 있다.
src/components/runocr/utils/mapOcrResponse.ts,120,raw OCR response to OcrResult mapper,financeFields,const/helper,50,False,이름과 주변 코드로 의미가 충분하거나 단순 derived/effect 후보라 과주석 위험이 있다.
src/components/runocr/utils/mapOcrResponse.ts,120,raw OCR response to OcrResult mapper,templateFields,const/helper,51,False,이름과 주변 코드로 의미가 충분하거나 단순 derived/effect 후보라 과주석 위험이 있다.
src/components/runocr/utils/mapOcrResponse.ts,120,raw OCR response to OcrResult mapper,pickValue,const/helper,62,False,이름과 주변 코드로 의미가 충분하거나 단순 derived/effect 후보라 과주석 위험이 있다.
src/components/runocr/utils/mapOcrResponse.ts,120,raw OCR response to OcrResult mapper,alias,const/helper,65,False,이름과 주변 코드로 의미가 충분하거나 단순 derived/effect 후보라 과주석 위험이 있다.
src/components/runocr/utils/mapOcrResponse.ts,120,raw OCR response to OcrResult mapper,normalizedLabel,const/helper,67,False,이름과 주변 코드로 의미가 충분하거나 단순 derived/effect 후보라 과주석 위험이 있다.
src/components/runocr/utils/mapOcrResponse.ts,120,raw OCR response to OcrResult mapper,ko,const/helper,76,False,이름과 주변 코드로 의미가 충분하거나 단순 derived/effect 후보라 과주석 위험이 있다.
src/components/runocr/utils/mapOcrResponse.ts,120,raw OCR response to OcrResult mapper,en,const/helper,77,False,이름과 주변 코드로 의미가 충분하거나 단순 derived/effect 후보라 과주석 위험이 있다.
src/components/runocr/utils/mapOcrResponse.ts,120,raw OCR response to OcrResult mapper,picked,const/helper,78,False,이름과 주변 코드로 의미가 충분하거나 단순 derived/effect 후보라 과주석 위험이 있다.
src/components/runocr/utils/mapOcrResponse.ts,120,raw OCR response to OcrResult mapper,value,const/helper,83,False,이름과 주변 코드로 의미가 충분하거나 단순 derived/effect 후보라 과주석 위험이 있다.
